Draw Number,Draw Day,Time,Balls,Jackpot Size (m),Draw Sales (m),Jackpot Winners,Runners Up,Tier 1,Tier 2,Tier 3,Tier 4,Tier 5,Tier 6,Tier 7,Tier 8,Tier 9,Tier 10,Tier 11,Total Winners (m)
1378,Fri,04-Dec-20,14  20  27  34  38  -  01  11,180.8,118.873045,0,6,26,76,1747,3422,4703,50925,77496,204601,271544,1107720,2840869,4.563135
1377,Tue,01-Dec-20,14  20  29  47  49  -  04  12,160.906372,67.973828,0,3,6,53,821,1848,1967,26355,39794,97165,143597,606731,1502470,2.42081
1376,Fri,27-Nov-20,2  5  8  14  16  -  08  09,146.729731,80.86539,0,3,28,90,2157,2979,4312,40603,77208,153979,196484,976295,1999670,3.453808
1375,Tue,24-Nov-20,25  33  38  42  50  -  08  12,128.449942,60.342584,0,5,12,40,830,1615,2012,23825,37825,90012,125229,552652,1321424,2.155481
1374,Fri,20-Nov-20,28  29  39  48  50  -  05  07,116.103,85.87217,0,6,7,61,1144,3110,2605,49635,53181,113770,298808,842595,1730636,3.095558
1373,Tue,17-Nov-20,16  19  25  30  44  -  02  06,69.354137,41.863533,0,1,4,46,750,1896,1576,26592,32885,70609,135999,464581,982134,1.717073
1372,Fri,13-Nov-20,1  5  17  28  31  -  01  10,60.684475,61.209836,0,4,26,56,1328,2073,3283,27330,50710,125599,133357,644710,1633896,2.622372
1371,Tue,10-Nov-20,3  19  29  32  38  -  05  12,45.088804,38.25864,0,2,3,21,529,1084,1360,15129,26244,62688,79417,381713,927880,1.49607
1370,Fri,06-Nov-20,7  12  37  40  50  -  01  02,36.006084,48.158499,0,2,6,41,725,1336,1488,21182,32150,72026,112945,484902,1091274,1.818077
1369,Tue,03-Nov-20,5  7  18  20  30  -  06  07,23.844506,34.218824,0,7,14,43,1128,1664,1939,21016,39142,69786,99060,470113,869851,1.573763
1368,Fri,30-Oct-20,12  16  20  21  28  -  03  09,15.3017,45.022113,0,4,8,54,1047,2536,2083,33733,41198,83988,165331,541770,1105289,1.977041
1367,Tue,27-Oct-20,13  15  28  32  44  -  03  12,79.315198,42.143808,1,4,9,24,735,1152,1869,17011,30567,76077,87237,421362,1050009,1.686057
1366,Fri,23-Oct-20,10  15  19  21  23  -  03  12,70.979568,54.739803,0,3,26,31,1410,1612,3375,22625,49699,124813,110757,622490,1551438,2.488279
1365,Tue,20-Oct-20,5  6  15  37  42  -  03  04,59.778232,39.835091,0,3,7,23,586,1151,1286,18004,28060,58880,97757,426910,878501,1.511168
1364,Fri,16-Oct-20,15  33  38  40  50  -  03  06,49.383832,51.286432,0,1,5,50,691,1693,1440,26653,31378,67950,157351,486562,1029066,1.80284
1363,Tue,13-Oct-20,5  14  38  41  46  -  01  10,36.618665,36.383922,0,1,1,19,410,949,1067,12725,19911,51243,72442,296170,772207,1.227145
1362,Fri,09-Oct-20,11  15  35  41  50  -  05  08,27.489353,48.267815,0,2,3,44,677,1993,1365,31728,31487,62584,180330,477696,969596,1.757505
1361,Tue,06-Oct-20,4  21  36  41  47  -  09  11,15.4853,34.574977,0,3,5,16,395,887,943,13056,19244,43992,73158,295086,686274,1.133059
1360,Fri,02-Oct-20,6  12  15  40  45  -  03  09,27.761091,49.409164,1,8,8,48,762,2195,1502,32321,34706,73110,169534,524166,1086594,1.924955
1359,Tue,29-Sep-20,4  14  16  41  44  -  11  12,15.5312,35.83541,0,1,6,16,450,857,1430,11989,19701,59701,64119,278746,862108,1.299124
1358,Fri,25-Sep-20,19  23  34  37  45  -  01  07,118.729,86.447822,1,5,25,78,1590,3162,3694,44420,63635,142425,237240,867562,1921549,3.285386
1357,Tue,22-Sep-20,16  25  28  39  40  -  01  06,71.063522,43.69666,0,5,3,21,600,1285,1443,20023,27225,64322,107403,404454,944456,1.57124
1356,Fri,18-Sep-20,2  10  19  25  45  -  01  07,61.732489,58.401569,0,5,6,61,1158,2426,2436,33330,46944,101487,166868,646705,1368514,2.36994
1355,Tue,15-Sep-20,16  20  25  30  38  -  06  08,47.250235,39.856411,0,3,7,36,655,1541,1344,22037,29331,60360,113496,414876,873152,1.516838
1354,Fri,11-Sep-20,34  38  42  43  45  -  09  12,37.525275,49.996793,0,2,8,25,580,1055,1426,16223,25778,62894,88055,389847,969300,1.555193
1353,Tue,08-Sep-20,2  9  31  35  41  -  09  12,24.534097,36.419591,0,2,4,23,428,821,987,12450,20444,48658,68440,320138,783822,1.256217
1352,Fri,04-Sep-20,6  22  29  40  43  -  04  07,15.1742,48.34468,0,4,8,38,674,1866,1500,28936,32338,68089,163884,491615,1013742,1.802694
1351,Tue,01-Sep-20,4  8  10  33  46  -  08  11,139.992069,63.044558,1,6,6,44,1006,1973,2050,28911,45746,100330,152250,654019,1486934,2.473276
1350,Fri,28-Aug-20,7  12  16  17  31  -  07  09,126.895018,73.403006,0,9,18,104,1731,4142,3228,56369,73247,132973,261389,974840,1815616,3.323666
1349,Tue,25-Aug-20,7  18  30  37  39  -  08  10,112.618069,56.454912,0,5,11,47,944,1746,2037,25376,40006,92808,132800,564682,1345481,2.205943
1348,Fri,21-Aug-20,10  15  35  44  50  -  03  05,100.807281,64.848739,0,6,9,47,993,2610,1978,41568,44889,89552,219696,679218,1364172,2.444738
1347,Tue,18-Aug-20,6  12  17  34  42  -  05  12,87.266444,45.465808,0,5,5,30,746,1354,1907,18506,32782,80439,96316,457082,1116083,1.805255
1346,Fri,14-Aug-20,9  10  19  42  49  -  04  12,77.977112,54.593653,0,5,5,24,670,1449,1810,21133,34068,91743,111645,510793,1349713,2.123058
1345,Tue,11-Aug-20,8  13  14  42  50  -  03  09,66.130274,40.431112,0,2,2,31,530,1726,1237,26334,27592,59707,144296,435472,916256,1.613185
1344,Fri,07-Aug-20,5  20  21  36  41  -  06  11,57.863944,54.001868,0,4,7,36,614,1516,1533,23353,32163,76263,129363,497396,1199060,1.961308
1343,Tue,04-Aug-20,1  2  5  15  42  -  05  08,44.373299,36.714653,0,2,1,41,674,1933,1192,28050,31560,62253,141282,427402,843157,1.537547
1342,Fri,31-Jul-20,21  24  30  46  49  -  02  05,35.077775,45.716265,0,0,6,27,529,1506,1226,24333,27797,58195,145640,450152,919223,1.628634
1341,Tue,28-Jul-20,9  13  15  17  34  -  02  07,23.795774,33.568299,0,4,7,44,741,2093,1394,28516,32694,60275,135763,434961,826953,1.523445
1340,Fri,24-Jul-20,8  9  27  28  50  -  04  12,15.4836,43.124042,0,3,7,23,555,1058,1595,16672,27279,72778,84996,416403,1125472,1.746841
1339,Tue,21-Jul-20,14  15  24  29  42  -  02  04,44.865863,36.98929,1,3,3,37,555,1427,1204,21507,26912,56710,107554,399902,832577,1.448392
1338,Fri,17-Jul-20,7  15  27  41  43  -  07  09,35.838894,47.026637,0,7,5,53,957,2455,1739,33820,40886,72686,160145,568827,1030354,1.911934
1337,Tue,14-Jul-20,11  22  30  37  47  -  09  10,24.013488,34.296353,0,0,6,19,487,818,1138,12292,21782,51291,66459,325980,778495,1.258767
1336,Fri,10-Jul-20,15  17  23  30  38  -  02  07,15.2252,46.189476,0,9,14,66,964,2649,1909,36019,42487,80362,177965,573219,1095560,2.011223
1335,Tue,07-Jul-20,12  16  23  33  41  -  08  10,130.059174,62.310354,1,8,16,54,1068,1861,2492,27209,45013,108567,143534,631726,1527227,2.488776
1334,Fri,03-Jul-20,4  16  27  37  39  -  03  06,117.26,87.319586,0,10,33,98,1552,3713,3327,52823,66033,138411,275443,940515,1961364,3.443322
1333,Tue,30-Jun-20,1  6  11  28  42  -  02  10,56.510237,39.280847,0,1,16,23,654,1299,1688,18420,28487,71847,95075,400514,980320,1.598344
1332,Fri,26-Jun-20,1  10  12  21  26  -  05  11,46.859882,47.494495,0,9,18,38,1049,1633,2726,22953,41590,98412,117337,530351,1232996,2.049112
1331,Tue,23-Jun-20,2  12  19  46  49  -  01  08,34.732623,33.852395,0,0,3,21,487,1142,1120,15908,22351,51961,85896,337786,773857,1.290532
1330,Fri,19-Jun-20,5  14  19  24  43  -  03  11,26.333468,43.725874,0,4,8,35,744,1537,1722,20217,33500,76928,103921,466080,1083585,1.788281
1329,Tue,16-Jun-20,4  9  11  17  39  -  02  10,15.2456,31.462558,0,2,4,16,636,1128,1656,15600,26331,68380,76193,353669,879179,1.422794
1328,Fri,12-Jun-20,2  24  39  45  46  -  04  08,46.399553,46.47645,1,2,3,38,565,1564,1158,23702,26919,58277,142367,419915,911820,1.586331
1327,Tue,09-Jun-20,5  15  27  36  46  -  02  08,34.451775,33.983732,0,3,2,33,550,1427,1095,22240,23196,51249,120489,352621,765947,1.338852
1326,Fri,05-Jun-20,5  11  17  24  37  -  03  06,25.999539,43.308157,0,3,11,67,1100,2434,2165,31131,42614,84690,149368,545858,1102940,1.962381
1325,Tue,02-Jun-20,10  12  22  26  49  -  07  11,15.1487,29.876708,0,5,9,17,547,1020,1288,14935,23592,53698,77349,328824,745473,1.246757
1324,Fri,29-May-20,4  8  11  19  46  -  04  08,15.2949,40.197372,1,5,13,137,897,3574,1730,33182,37668,74615,134296,492834,984731,1.763683
1323,Tue,26-May-20,4  9  14  21  27  -  04  06,16.530706,31.680558,2,5,6,63,999,1993,1869,24082,33423,67756,106041,400538,842619,1.479396
1322,Fri,22-May-20,3  18  22  27  32  -  02  07,25.387006,40.429626,0,0,13,53,842,2454,1496,33462,36228,69537,158062,501467,970867,1.774481
1321,Tue,19-May-20,5  25  32  37  43  -  06  07,15.1708,29.666277,0,1,6,21,467,981,934,14287,20912,40300,81398,312561,614114,1.085982
1320,Fri,15-May-20,11  23  32  34  39  -  01  06,65.175962,38.737585,1,1,6,31,740,1409,1844,19013,29810,70025,101435,386395,915870,1.52658
1319,Tue,12-May-20,9  16  29  37  39  -  04  11,56.472701,28.828629,0,1,11,27,482,1017,1228,13634,21054,50289,70785,287434,683566,1.129528
1318,Fri,08-May-20,8  25  32  33  38  -  07  09,49.837132,34.035628,0,4,2,23,481,1213,1018,19060,23726,49676,109056,370064,753374,1.327697
1317,Tue,05-May-20,2  10  22  27  41  -  02  03,42.596857,26.642797,0,1,2,12,611,1032,1045,14408,25736,44589,72201,340813,623612,1.124062
1316,Fri,01-May-20,19  20  38  45  47  -  02  06,36.22869,31.312678,0,2,4,18,401,1114,856,17825,19899,43289,103637,307608,664701,1.159354
1315,Tue,28-Apr-20,15  23  26  28  32  -  01  05,28.167968,23.724858,0,2,3,20,418,948,922,13442,19829,41941,68361,272611,588301,1.006798
1314,Fri,24-Apr-20,1  5  19  21  28  -  04  07,22.310697,29.74279,0,2,11,58,838,1956,1666,24446,32242,63734,112741,397681,789050,1.424425
1313,Tue,21-Apr-20,10  11  14  23  28  -  06  08,15.0263,22.057948,0,0,9,36,630,1220,1302,15103,23666,49650,69348,289915,613372,1.064251
1312,Fri,17-Apr-20,16  28  32  37  45  -  01  11,58.366488,33.108174,1,2,7,25,424,846,1382,13216,20091,54040,72658,289473,765397,1.217562
1311,Tue,14-Apr-20,6  29  34  35  40  -  04  11,51.538058,23.843223,0,1,0,11,249,580,630,9521,12558,29444,56431,205136,488245,0.802806
1310,Fri,10-Apr-20,3  10  17  33  39  -  01  04,46.937085,31.950906,0,0,6,27,621,1122,1499,15836,25977,61580,81248,361603,837155,1.386674
1309,Tue,07-Apr-20,4  5  14  33  48  -  07  12,40.506751,23.545017,0,3,2,8,293,580,722,8985,14646,35661,48459,232864,557176,0.899399
1308,Fri,03-Apr-20,16  19  34  46  50  -  02  06,34.546128,29.528525,0,1,1,27,395,957,862,16390,18322,39155,94506,288016,615452,1.074084
1307,Tue,31-Mar-20,12  17  24  30  36  -  01  09,27.30865,21.554075,0,0,8,20,447,883,1017,12204,17399,40152,62225,231617,537703,0.903675
1306,Fri,27-Mar-20,11  14  27  41  46  -  02  03,22.095531,27.562926,0,3,4,11,515,811,922,12637,20959,40640,68974,309679,594393,1.049548
1305,Tue,24-Mar-20,7  12  26  30  33  -  10  11,15.6213,20.144991,0,0,7,14,342,517,984,7338,13096,41534,38881,181198,559969,0.84388
1304,Fri,20-Mar-20,3  9  20  34  40  -  06  12,15.6961,29.068637,1,1,5,17,372,646,1026,10259,17906,48304,54381,257346,705250,1.095514
1303,Tue,17-Mar-20,5  7  8  16  20  -  02  12,57.86967,28.205637,1,1,10,20,663,909,1871,11361,24878,65329,56137,308690,802072,1.271942
1302,Fri,13-Mar-20,3  11  21  27  36  -  09  10,50.321191,55.122408,0,5,10,28,1050,1458,2496,21469,43876,107944,108210,586799,1433503,2.306848
1301,Tue,10-Mar-20,11  23  30  37  43  -  05  12,35.567254,35.627204,0,4,11,30,618,978,1393,13649,25024,60287,72480,352601,865052,1.392127
1300,Fri,06-Mar-20,15  38  43  45  46  -  01  11,26.423336,46.587745,0,3,2,24,454,1195,1239,17365,24578,61429,98569,375415,960898,1.541171
1299,Tue,03-Mar-20,4  14  27  44  45  -  01  10,14.841,33.545007,0,2,8,31,515,942,1323,12916,21927,60320,69504,311126,849665,1.328279
1298,Fri,28-Feb-20,8  11  20  22  23  -  03  04,57.826962,52.21871,1,4,6,86,1460,2458,2778,31146,56318,110228,142449,718242,1408162,2.473338
1297,Tue,25-Feb-20,1  4  18  27  42  -  04  06,43.515336,36.374446,0,2,4,41,698,1862,1551,25527,31969,66345,126041,437820,928177,1.620037
1296,Fri,21-Feb-20,7  23  30  32  45  -  05  09,34.421724,47.072577,0,4,6,64,1075,2748,1893,35431,41353,83014,180129,578223,1158067,2.082007
1295,Tue,18-Feb-20,11  32  34  38  47  -  02  10,22.469712,33.37085,0,2,3,22,432,1051,1084,14720,21333,51032,81867,313390,752328,1.237264
1294,Fri,14-Feb-20,5  20  35  41  49  -  06  10,14.1406,46.707795,0,3,6,22,622,1413,1573,20251,27721,67779,114200,433629,1067373,1.734592
1293,Tue,11-Feb-20,24  26  32  43  46  -  06  10,14.3429,34.105948,1,5,5,22,441,1016,1073,15248,21754,49845,82255,319038,745826,1.236529
1292,Fri,07-Feb-20,9  15  17  25  40  -  03  09,110.5,84.96324,1,10,21,125,1753,4818,3470,64186,78373,154867,316390,1051780,2131657,3.807451
1291,Tue,04-Feb-20,21  23  33  35  47  -  06  07,34.634832,40.428855,0,4,9,47,659,1573,1461,22081,32479,61757,116314,473901,910511,1.620796
1290,Fri,31-Jan-20,13  18  20  23  30  -  02  04,24.336652,46.472,0,12,18,47,1213,2571,2496,31283,46534,98157,147291,608229,1284966,2.222817
1289,Tue,28-Jan-20,1  19  27  31  38  -  04  05,14.4092,32.66444,0,2,2,29,564,1204,1125,17912,27327,55691,93807,399108,801735,1.398506
1288,Fri,24-Jan-20,3  4  6  9  24  -  05  08,24.139851,45.332644,1,5,12,97,1304,3192,3205,38557,48109,107815,191616,590286,1252672,2.236871
1287,Tue,21-Jan-20,10  11  24  36  46  -  03  05,14.4636,33.102563,0,3,5,21,474,1333,983,22813,24456,47953,127338,374176,732557,1.332112
1286,Fri,17-Jan-20,8  19  20  29  44  -  03  08,85.964733,60.345929,1,4,5,64,1164,3451,2256,48159,54426,106522,220155,763017,1491899,2.691123
1285,Tue,14-Jan-20,21  25  29  39  44  -  08  09,78.00049,44.857301,0,4,5,19,735,1469,1385,21378,33632,67915,114796,505479,1023981,1.770798
1284,Fri,10-Jan-20,6  17  32  44  46  -  02  06,71.71756,55.609407,0,2,5,54,944,2310,2075,34755,41192,88541,188097,600962,1272032,2.230969
1283,Tue,07-Jan-20,5  8  12  37  43  -  06  11,64.021946,40.700715,0,2,17,28,673,1359,1479,19964,29548,73786,103598,431059,1059296,1.720809
1282,Fri,03-Jan-20,5  15  20  36  47  -  08  12,55.523057,48.537347,0,5,8,26,710,1294,1696,18386,30832,79892,98325,457864,1184249,1.873287
1281,Tue,31-Dec-19,26  31  33  41  48  -  02  04,44.717396,55.123084,0,2,6,36,823,1696,1704,26542,35939,78300,152760,553146,1204239,2.055193
1280,Fri,27-Dec-19,1  7  22  26  35  -  05  10,33.089326,44.361347,0,2,9,31,725,1507,1838,22757,34192,80968,117869,498203,1162951,1.921052
1279,Tue,24-Dec-19,3  11  13  14  47  -  03  06,23.534756,41.555354,0,1,4,45,770,2204,1531,31898,38449,74332,150061,539471,1061792,1.900558
1278,Fri,20-Dec-19,8  24  30  32  34  -  03  04,14.484,44.930225,0,1,3,37,647,1595,1384,22516,35481,69386,118818,512263,1015412,1.777543
1277,Tue,17-Dec-19,1  7  12  25  49  -  06  09,41.621418,37.552202,1,2,14,69,1037,2013,2427,26312,35889,79871,128030,462960,1012572,1.751197
1276,Fri,13-Dec-19,9  16  18  23  32  -  02  10,32.875644,52.561367,0,3,11,51,1106,1909,2723,27182,44936,110577,136013,602141,1467123,2.393775
1275,Tue,10-Dec-19,2  10  19  21  47  -  02  08,21.715889,34.291618,0,0,4,53,832,2188,1567,28972,31627,63488,140485,421035,868710,1.558961
1274,Fri,06-Dec-19,1  3  27  39  46  -  01  10,14.3191,44.408647,0,2,2,16,617,1267,1609,18726,29386,75604,99123,438621,1111230,1.776203
1273,Tue,03-Dec-19,18  31  32  38  48  -  04  12,40.957697,38.118526,1,1,4,25,455,1005,1152,14591,23817,58409,76990,338132,853294,1.367876
1272,Fri,29-Nov-19,3  7  12  42  50  -  06  08,32.747133,49.409898,0,2,5,39,850,2039,2056,30490,41699,95157,154348,591932,1314220,2.232837
1271,Tue,26-Nov-19,2  3  15  19  34  -  05  08,22.196254,35.27201,0,4,6,40,599,1872,1224,28500,28745,59498,145869,427584,878486,1.572427
1270,Fri,22-Nov-19,3  21  32  34  48  -  03  11,14.6081,46.231964,0,4,6,28,736,1473,1706,20911,33185,70798,111809,471530,1024308,1.736494
1269,Tue,19-Nov-19,8  10  15  30  42  -  04  06,105.100702,51.311766,1,3,13,50,980,2503,2139,33133,42830,94664,165627,586347,1299039,2.227329
1268,Fri,15-Nov-19,3  13  20  32  34  -  04  11,98.311223,62.710338,0,11,10,37,974,2043,2402,29316,44697,109171,153744,651616,1604609,2.59863
1267,Tue,12-Nov-19,1  21  23  25  39  -  02  04,89.866288,47.18264,0,5,10,46,731,1662,1632,25801,35754,77073,138750,536172,1151681,1.969317
1266,Fri,08-Nov-19,8  17  20  23  45  -  02  08,84.012704,65.762823,0,4,8,107,1409,4226,2770,54626,62226,123423,251743,805780,1672150,2.978472
1265,Tue,05-Nov-19,9  14  25  33  48  -  02  12,74.873475,43.4101,0,3,8,27,689,1158,1736,17043,29423,76286,90783,421319,1094855,1.73333
1264,Fri,01-Nov-19,2  20  39  44  48  -  05  07,69.286018,52.437374,0,2,4,43,747,2025,1583,32660,34120,72892,199642,539730,1088807,1.972255
1263,Tue,29-Oct-19,16  18  28  42  49  -  05  10,62.293451,41.603277,0,1,5,25,644,1417,1397,19878,28803,65663,107248,422626,971501,1.619208
1262,Fri,25-Oct-19,34  37  39  40  50  -  04  10,53.31331,52.645641,0,3,5,26,638,1350,1443,21046,28814,66268,118817,449947,1064972,1.753329
1261,Tue,22-Oct-19,2  5  32  33  47  -  07  08,41.922445,38.62368,0,1,5,38,578,1115,1174,18981,27336,54245,104750,432939,833461,1.474623
1260,Fri,18-Oct-19,8  18  22  41  42  -  11  12,33.536983,49.955313,0,6,17,29,657,1275,1802,17985,28627,86638,96647,419915,1303935,1.957533
1259,Tue,15-Oct-19,3  28  31  32  34  -  04  05,22.772993,37.430522,0,2,9,19,489,1199,1283,17987,25168,56022,101152,398184,808691,1.410205
1258,Fri,11-Oct-19,2  14  19  42  45  -  05  06,14.8308,51.683307,0,4,5,41,772,1655,1610,25895,38137,77470,141583,587667,1155993,2.030832
1257,Tue,08-Oct-19,7  10  15  44  49  -  03  12,170.221,121.05577,1,4,25,80,1775,3555,4105,51358,83674,199382,268223,1237128,2959529,4.808839
1256,Fri,04-Oct-19,6  9  35  41  44  -  06  09,169.024,115.938989,0,8,12,142,1635,5408,3547,76747,76787,163897,346714,1191332,2484442,4.350671
1255,Tue,01-Oct-19,2  11  18  40  46  -  01  04,168.72,91.887661,0,7,11,67,1312,2733,2856,40930,59217,136223,225621,894326,2058749,3.422052
1254,Fri,27-Sep-19,24  37  41  43  46  -  02  08,169.005,108.020002,0,4,8,84,1341,3553,3070,54412,64732,145079,328406,973849,2172833,3.747371
1253,Tue,24-Sep-19,2  33  42  47  48  -  01  02,167.751,88.05755,0,3,16,52,1068,2515,2566,38002,53715,121412,211329,824779,1862827,3.118284
1252,Fri,20-Sep-19,8  21  25  38  50  -  04  08,167.609701,94.688223,0,13,36,99,1749,4132,3634,59500,70884,149809,305185,1018783,2163090,3.776914
1251,Tue,17-Sep-19,22  37  43  44  45  -  01  12,155.282163,72.822188,0,7,10,43,871,1978,2156,29092,40987,108027,161118,595679,1613274,2.553242
1250,Fri,13-Sep-19,1  12  27  42  47  -  06  07,145.566007,93.317535,0,4,16,83,1521,3434,2945,50135,72468,139908,264157,1069841,2079564,3.684076
1249,Tue,10-Sep-19,3  22  25  30  49  -  03  06,134.122038,65.54545,0,3,6,45,1105,2885,2210,41068,49165,101295,216090,721509,1470302,2.605683
1248,Fri,06-Sep-19,10  13  22  40  48  -  02  05,125.665319,78.475582,0,6,11,88,1336,3555,2793,50958,61691,123459,260116,879585,1773357,3.156955
1247,Tue,03-Sep-19,7  11  38  39  44  -  07  10,116.404085,60.504067,0,0,6,38,989,2106,2007,30949,44215,91842,159179,657760,1392702,2.381793
1246,Fri,30-Aug-19,25  27  45  46  49  -  04  06,107.75933,71.956813,0,0,9,51,877,2189,1978,36140,41656,93998,209707,661829,1489878,2.538312
1245,Tue,27-Aug-19,8  26  35  43  47  -  01  09,97.958413,50.807465,0,5,10,32,719,1534,1735,23821,31446,74153,134690,464472,1066815,1.799432
1244,Fri,23-Aug-19,4  17  35  42  45  -  02  08,91.53302,64.349624,0,5,7,50,1019,2644,2069,40271,43330,93335,217127,641364,1378849,2.42007
1243,Tue,20-Aug-19,20  22  23  24  37  -  01  04,83.338679,45.72155,0,2,4,28,659,1365,1504,20516,29238,66071,112268,447685,1034232,1.713572
1242,Fri,16-Aug-19,9  10  27  37  42  -  01  05,77.208525,54.490631,0,2,9,46,828,1953,1767,28769,38647,84907,153135,583188,1257576,2.150827
1241,Tue,13-Aug-19,13  29  31  33  40  -  02  03,70.899768,43.53487,0,5,3,26,696,1310,1445,19106,34919,66279,103995,486619,945333,1.659736
1240,Fri,09-Aug-19,2  14  35  41  42  -  10  11,65.218898,54.79729,0,1,2,19,573,1214,1663,19049,27598,73885,104263,423084,1142259,1.79361
1239,Tue,06-Aug-19,12  13  29  36  38  -  04  12,52.917787,39.721124,0,2,9,17,513,935,1260,14355,24313,63616,75941,359184,958493,1.498638
1238,Fri,02-Aug-19,13  22  33  44  50  -  02  05,43.958121,49.69942,0,8,22,73,1640,2536,3284,31624,45572,90028,161823,568519,1124825,2.029954
1237,Tue,30-Jul-19,15  20  23  27  40  -  03  06,33.364792,36.125595,0,2,3,36,667,1715,1281,23174,29818,60055,117052,408048,835801,1.477652
1236,Fri,26-Jul-19,2  5  27  37  42  -  03  10,25.032609,45.137081,0,2,5,34,598,1356,1403,21247,29244,69869,110894,444960,1059692,1.739304
1235,Tue,23-Jul-19,1  14  19  23  38  -  03  07,15.2541,32.473241,0,2,7,51,546,2274,1167,32194,28152,54082,160869,403012,770852,1.453208
1234,Fri,19-Jul-19,13  14  17  26  28  -  02  07,96.710509,67.626361,1,10,21,125,1802,4324,3200,55442,67615,127072,257401,880010,1693938,3.090961
1233,Tue,16-Jul-19,3  5  13  18  39  -  07  08,88.185562,47.199779,0,6,5,47,965,1857,1971,25340,45728,87434,125128,614745,1170916,2.074142
1232,Fri,12-Jul-19,2  31  39  45  47  -  04  08,81.180289,57.989379,0,3,5,47,656,1842,1624,28203,33286,74811,169970,519499,1146340,1.976286
1231,Tue,09-Jul-19,7  29  32  36  41  -  06  07,73.547916,43.437437,0,4,2,27,725,1516,1356,21973,30577,60008,121307,464477,894517,1.596489
1230,Fri,05-Jul-19,2  9  20  34  42  -  06  09,67.458174,53.862747,0,4,13,46,898,2035,1862,31188,39967,81297,169144,567713,1181467,2.075634
1229,Tue,02-Jul-19,11  19  29  44  45  -  08  12,60.173279,39.792481,0,2,9,22,590,985,1564,14841,26672,70404,77719,383096,1004018,1.579922
1228,Fri,28-Jun-19,1  3  16  33  49  -  02  11,51.583856,50.819062,0,3,15,51,707,1740,1808,24811,34297,83417,127473,499692,1205436,1.97945
1227,Tue,25-Jun-19,6  26  27  34  46  -  01  09,40.597881,35.705734,0,0,1,15,456,1110,1022,17529,22361,51866,99304,337389,777651,1.308704
1226,Fri,21-Jun-19,5  8  9  25  39  -  03  07,32.775384,47.062543,0,2,3,60,938,3423,1901,46054,42846,85581,223352,589845,1156433,2.150438
1225,Tue,18-Jun-19,12  24  37  40  44  -  03  07,22.579505,34.315303,0,5,5,54,720,1938,1361,27386,26506,52595,152015,369398,726272,1.358255
1224,Fri,14-Jun-19,1  13  30  31  39  -  02  07,15.1521,47.118936,0,6,12,35,728,2051,1622,32911,35750,72082,177551,533312,1051750,1.90781
1223,Tue,11-Jun-19,25  27  39  42  46  -  11  12,123.458008,57.466722,1,6,4,30,792,1506,2003,21733,33452,89107,115944,478697,1313475,2.05675
1222,Fri,07-Jun-19,1  4  16  20  34  -  02  05,115.726,40.12866,0,6,16,97,1506,3958,3173,54988,69133,142600,283917,985415,2037093,3.581902
1221,Tue,04-Jun-19,9  31  32  39  41  -  02  08,22.504557,34.401192,0,2,3,28,406,1268,886,19530,20715,45632,115154,322830,709419,1.235873
1220,Fri,31-May-19,1  23  24  26  35  -  01  11,15.0348,43.030146,0,1,3,25,500,1288,1226,18713,26753,65466,99578,406788,1043126,1.663467
1219,Tue,28-May-19,7  19  20  28  29  -  01  05,28.837305,36.592774,2,7,8,39,926,1809,1722,23466,36293,75900,107921,467392,984096,1.699581
1218,Fri,24-May-19,5  16  23  30  49  -  06  07,49.736732,48.169397,0,6,10,55,987,1778,1915,26213,42096,81630,138645,576703,1124542,1.99458
1217,Tue,21-May-19,32  33  34  39  47  -  08  12,39.211724,34.643176,0,0,4,16,391,826,1015,12402,18600,45177,67288,284142,709901,1.139762
1216,Fri,17-May-19,16  28  42  43  45  -  06  07,31.674666,45.231571,0,5,2,30,612,1384,1229,21374,29622,60024,120599,460174,902537,1.597592
1215,Tue,14-May-19,10  14  17  25  50  -  02  10,21.687521,32.011673,0,2,2,25,570,1193,1384,16819,26264,61193,80710,362227,860135,1.410524
1214,Fri,10-May-19,1  4  27  45  48  -  01  07,14.6948,42.252548,0,2,3,36,610,1593,1191,25284,29217,59120,134554,457887,930343,1.63984
1213,Tue,07-May-19,7  20  26  32  47  -  02  11,21.438454,31.826643,1,3,9,26,484,1162,1119,16424,21674,51594,83651,322911,775242,1.2743
1212,Fri,03-May-19,2  9  20  27  43  -  05  06,14.467,41.330066,0,4,7,32,798,1533,1736,22301,35833,71945,115887,508803,1003636,1.762515
1211,Tue,30-Apr-19,5  12  20  26  48  -  02  11,21.815835,33.203867,1,3,5,28,653,1264,1650,16198,25907,65654,84365,357845,878520,1.432093
1210,Fri,26-Apr-19,14  33  35  47  50  -  09  11,14.6829,42.48282,0,0,6,29,521,1212,1277,17295,26054,58923,93752,392402,906394,1.497865
1209,Tue,23-Apr-19,18  23  27  42  44  -  02  07,38.254645,32.285053,1,3,5,38,580,1864,1182,25949,28192,53531,128211,394701,772418,1.406675
1208,Fri,19-Apr-19,7  8  32  41  49  -  05  11,31.273852,43.447463,0,0,3,27,583,1267,1236,20266,27630,62283,111831,434540,982151,1.641817
1207,Tue,16-Apr-19,1  8  15  44  49  -  02  11,21.879091,33.150425,0,1,8,24,414,1086,1154,15688,21786,53562,82585,334699,810561,1.321568
1206,Fri,12-Apr-19,1  28  35  36  46  -  06  09,14.7016,44.74846,0,4,3,23,503,1239,1070,22172,24800,54645,135186,411031,876298,1.526974
1205,Tue,09-Apr-19,18  21  29  38  41  -  01  11,68.329653,40.306428,1,5,6,34,656,1121,1624,17697,25337,66717,92036,373477,969367,1.548078
1204,Fri,05-Apr-19,1  7  10  29  45  -  03  05,62.771731,53.229248,0,3,5,73,1115,2975,2287,42731,49723,96089,211470,679420,1306372,2.392263
1203,Tue,02-Apr-19,2  9  16  26  36  -  06  07,50.833887,37.908724,0,4,5,29,819,1553,1594,20369,34213,63932,107168,453352,886549,1.569587
1202,Fri,29-Mar-19,13  23  26  32  47  -  06  10,43.015001,49.626148,0,3,10,39,820,1752,2029,24324,37264,90504,124003,512384,1269449,2.062581
1201,Tue,26-Mar-19,12  19  23  43  47  -  02  06,32.010911,34.63838,0,7,6,25,659,1701,1349,23314,28860,61183,118249,400920,863340,1.499613
1200,Fri,22-Mar-19,4  17  26  30  43  -  06  11,24.580716,46.437111,0,7,13,44,901,1725,2181,22496,34752,87132,115283,481970,1182929,1.929433
1199,Tue,19-Mar-19,1  6  9  34  47  -  07  12,14.552,32.677246,0,1,3,16,445,842,1048,12395,22274,55355,65710,324348,794043,1.27648
1198,Fri,15-Mar-19,3  15  24  42  46  -  09  12,71.057439,57.181518,1,6,17,31,839,1465,2034,21579,38042,96195,113757,552873,1417294,2.244133
1197,Tue,12-Mar-19,5  7  13  19  31  -  02  09,64.356515,41.790534,0,2,19,108,1766,2736,3616,31806,51929,110625,141942,586981,1226756,2.158286
1196,Fri,08-Mar-19,17  18  19  24  40  -  04  08,55.265839,54.141239,0,7,9,51,954,2372,1920,36124,41771,89166,192017,620211,1336119,2.320721
1195,Tue,05-Mar-19,6  10  16  39  46  -  08  11,43.29416,38.409292,0,0,4,22,499,1038,1345,16484,25029,62368,89499,374161,899304,1.469753
1194,Fri,01-Mar-19,6  9  19  26  31  -  11  12,35.148482,59.350402,0,4,16,40,1042,1576,3712,23519,40147,138454,122104,544016,1744195,2.618825
1193,Tue,26-Feb-19,3  15  29  35  47  -  03  04,22.256333,35.353393,0,2,7,33,661,1223,1318,17023,28040,53803,94268,405240,786748,1.388366
1192,Fri,22-Feb-19,3  27  29  33  50  -  03  07,14.773,48.328468,0,3,7,65,772,3488,1441,50885,38771,73176,245895,578383,1089961,2.082847
1191,Tue,19-Feb-19,1  8  18  19  39  -  07  09,152.400366,69.808192,1,5,9,77,1329,3192,2815,46068,60643,123321,234752,845449,1706345,3.024006
1190,Fri,15-Feb-19,15  27  34  38  49  -  02  10,144.375567,84.421104,0,6,18,67,1313,2791,3104,37977,56613,136044,203919,811672,1946221,3.199745
1189,Tue,12-Feb-19,6  34  36  41  50  -  01  05,133.312302,65.265795,0,5,7,41,785,1871,1684,29044,38235,84033,169842,591909,1308536,2.225992
1188,Fri,08-Feb-19,11  12  13  39  46  -  07  10,123.991632,80.067102,0,7,8,44,1093,2419,2470,38009,54135,120437,211019,847307,1895732,3.17268
1187,Tue,05-Feb-19,14  25  31  37  43  -  02  03,113.958151,60.490007,0,2,18,48,1074,1767,2145,26440,42581,87162,149117,635051,1283158,2.228563
1186,Fri,01-Feb-19,3  21  26  41  46  -  01  06,105.204,90.229315,0,4,17,57,1228,2774,2804,43031,56115,128885,238140,874000,1999634,3.346689
1185,Tue,29-Jan-19,14  24  26  32  39  -  03  08,75.051591,44.439491,0,5,11,43,789,1971,1626,28420,34272,70957,148184,483657,1004860,1.774795
1184,Fri,25-Jan-19,1  6  13  15  16  -  06  10,68.153942,54.734143,0,6,8,46,1197,2075,2665,27221,46896,108775,138025,610670,1485276,2.42286
1183,Tue,22-Jan-19,9  23  29  41  49  -  08  10,61.621961,40.573396,0,1,7,30,579,1170,1401,17404,27910,68429,93101,401465,973928,1.585425
1182,Fri,18-Jan-19,5  6  16  30  46  -  05  10,53.285987,52.513994,0,2,6,46,795,1785,1749,25835,38291,85058,137118,543230,1213507,2.047422
1181,Tue,15-Jan-19,22  25  29  33  35  -  03  06,42.137452,38.638633,0,4,3,28,553,1572,1114,23431,26806,55213,125634,410680,852126,1.497164
1180,Fri,11-Jan-19,1  19  31  39  48  -  01  06,34.004534,50.551687,0,3,6,48,717,1646,1639,25204,32537,72386,134188,492435,1089811,1.85062
1179,Tue,08-Jan-19,3  19  22  31  32  -  02  11,23.253235,36.789053,0,1,7,36,507,1179,1268,17350,25195,60461,91554,373888,896459,1.467905
1178,Fri,04-Jan-19,7  11  19  27  37  -  06  10,15.2286,46.965341,0,7,11,51,1089,1827,3449,22302,42784,125591,107912,513443,1374467,2.192933
1177,Tue,01-Jan-19,1  8  11  25  28  -  04  06,114.969776,60.973811,1,11,12,86,1392,3126,3368,39603,54281,125298,191321,708609,1590576,2.717684
1176,Fri,28-Dec-18,13  16  34  35  45  -  10  12,108.543762,70.66176,0,3,15,38,823,1676,2161,24682,37344,105191,133842,558591,1637549,2.501915
1175,Tue,25-Dec-18,4  5  8  31  43  -  02  09,99.026381,49.458686,0,4,5,35,699,2026,1637,29011,36462,80087,152071,538548,1152646,1.993231
1174,Fri,21-Dec-18,2  12  15  34  50  -  03  04,92.134454,66.894664,0,3,11,58,1193,2134,2211,32528,50115,103216,173934,733523,1502622,2.601548
1173,Tue,18-Dec-18,1  9  18  39  48  -  05  07,83.057501,45.600427,0,3,5,55,707,2066,1616,32382,33570,68896,176166,507054,996849,1.819369
1172,Fri,14-Dec-18,12  29  38  42  44  -  02  12,76.884342,56.320463,0,5,11,31,805,1511,2218,21581,36200,92368,111099,515756,1320327,2.101912
1171,Tue,11-Dec-18,4  7  13  23  42  -  01  03,69.712546,41.296163,0,5,10,58,1149,2165,2558,26898,43815,92746,114980,533913,1123773,1.94207
1170,Fri,07-Dec-18,11  17  26  37  48  -  01  10,63.478325,53.233299,0,4,19,33,756,1439,1989,20297,33768,91970,108637,486625,1329305,2.074842
1169,Tue,04-Dec-18,19  20  21  42  45  -  08  09,51.79999,37.990618,0,1,4,18,527,1133,1006,17133,25319,51597,94158,402988,812784,1.406668
1168,Fri,30-Nov-18,3  10  12  23  26  -  01  12,43.37419,50.639003,0,9,26,39,1103,1744,3828,22820,40250,133500,112144,502706,1567754,2.385923
1167,Tue,27-Nov-18,4  16  17  18  32  -  02  11,32.439819,34.748817,0,2,5,25,579,1178,1279,16746,25369,60887,87358,368176,873538,1.435142
1166,Fri,23-Nov-18,5  8  25  26  30  -  03  10,24.866684,45.423541,0,5,10,45,1024,1768,2257,23284,39348,93177,115235,515238,1202910,1.994301
1165,Tue,20-Nov-18,6  19  39  45  48  -  07  12,15.13,31.886384,0,2,2,14,449,810,1103,11124,19323,48162,59057,286781,710398,1.137225
1164,Fri,16-Nov-18,9  10  13  28  41  -  01  12,44.832935,50.414651,1,5,5,25,646,1378,2124,20500,33081,100139,105840,463035,1410948,2.137727
1163,Tue,13-Nov-18,2  7  10  13  42  -  03  06,33.184923,35.171614,0,3,6,49,822,1890,1758,26035,35910,74472,124043,465333,959399,1.68972
1162,Fri,09-Nov-18,14  17  32  37  49  -  11  12,25.702466,50.158643,0,4,8,33,712,1155,1795,17726,28929,83543,92973,413892,1239823,1.880593
1161,Tue,06-Nov-18,14  24  36  40  43  -  02  09,14.8325,34.71766,0,1,3,27,499,1235,1043,17819,21953,47284,103191,333416,710321,1.236792
1160,Fri,02-Nov-18,5  15  17  37  44  -  07  11,76.369807,54.827951,1,2,13,49,1055,2091,2164,29872,45644,96543,146471,627533,1369528,2.320966
1159,Tue,30-Oct-18,17  23  27  43  44  -  01  12,70.193991,42.188421,0,4,10,31,592,1167,2228,16405,26413,92084,86845,373525,1173434,1.772738
1158,Fri,26-Oct-18,5  18  21  31  35  -  06  09,64.245817,54.723268,0,14,11,44,1026,2278,2213,32558,42133,92371,169611,597316,1290913,2.230488
1157,Tue,23-Oct-18,1  2  5  21  32  -  02  12,52.107396,38.854088,0,1,5,16,555,990,1360,15271,29372,69216,75895,391415,975321,1.559417
1156,Fri,19-Oct-18,1  3  29  47  48  -  03  12,43.58144,50.178923,0,0,2,38,569,1174,1489,17937,29325,68260,96546,468942,1114658,1.79894
1155,Tue,16-Oct-18,15  28  37  40  42  -  01  06,32.638799,35.106041,0,4,6,30,514,1120,1271,16422,22455,53476,91279,327795,765721,1.280093
1154,Fri,12-Oct-18,4  9  12  31  43  -  05  08,25.07015,46.861345,0,5,7,61,868,2667,1937,36992,38623,82644,191325,552096,1131340,2.038565
1153,Tue,09-Oct-18,3  12  36  44  45  -  08  11,14.8733,33.554997,0,2,3,16,463,887,1070,13846,21500,51149,76417,324411,777337,1.267101
1152,Fri,05-Oct-18,8  16  24  26  35  -  03  11,14.9481,48.737388,1,7,11,32,980,1588,2481,21245,37906,91879,112999,501210,1189395,1.959734
1151,Tue,02-Oct-18,7  17  29  37  45  -  03  11,144.603632,69.428313,1,17,30,67,1786,2737,3920,34237,60548,136208,170803,758397,1692420,2.861171
1150,Fri,28-Sep-18,2  4  8  27  50  -  02  09,135.382686,83.225872,0,5,6,74,1699,3631,3238,52206,71617,142427,262899,964818,1974317,3.476937
1149,Tue,25-Sep-18,6  15  20  30  38  -  04  07,124.411811,61.354156,0,2,9,55,1074,2897,2210,39010,48838,101071,204728,676099,1403251,2.479244
1148,Fri,21-Sep-18,5  7  21  25  37  -  03  04,116.87,94.898866,0,7,21,113,2127,3640,4472,49277,86771,179843,240699,1163577,2399057,4.129604
1147,Tue,18-Sep-18,3  8  10  32  45  -  04  12,40.651934,36.870375,0,4,2,18,530,956,1300,13133,22813,64514,69639,339612,941811,1.454332
1146,Fri,14-Sep-18,1  3  33  40  45  -  03  04,32.776219,48.14257,0,1,11,29,638,1386,1354,21499,32430,64084,120195,506679,1006517,1.754823
1145,Tue,11-Sep-18,9  18  32  38  46  -  02  03,22.382447,33.481699,0,4,4,19,545,983,1107,14673,24135,48166,81349,351074,702612,1.224671
1144,Fri,07-Sep-18,4  23  27  31  50  -  01  08,15.2167,44.960753,0,4,9,31,798,1651,1716,23071,38761,78973,119491,485422,1091396,1.841323
1143,Tue,04-Sep-18,5  14  28  30  47  -  04  11,40.979973,37.20127,1,1,9,28,575,1122,1477,16007,25731,62532,83809,364313,900468,1.456073
1142,Fri,31-Aug-18,4  30  31  38  42  -  04  06,32.721629,47.700964,0,4,35,32,545,1754,1228,27721,29770,63493,153968,463635,992574,1.734759
1141,Tue,28-Aug-18,4  16  32  42  46  -  08  12,22.758649,33.806711,0,5,7,16,471,795,1100,10991,19764,48400,59837,280049,713072,1.134507
1140,Fri,24-Aug-18,3  14  31  36  50  -  01  12,15.3935,45.98564,0,4,5,21,502,1157,1432,17460,24235,67242,91952,367385,1050501,1.621896
1139,Tue,21-Aug-18,16  23  42  43  49  -  10  12,96.785706,52.806778,1,6,5,16,539,1262,1719,18482,28354,79546,99132,422529,1223764,1.875355
1138,Fri,17-Aug-18,2  15  18  24  43  -  08  12,89.766677,60.638519,0,2,9,37,899,1509,2270,22340,39024,102396,116950,567326,1471600,2.324362
1137,Tue,14-Aug-18,1  15  18  25  31  -  09  11,81.090231,46.014421,0,2,10,35,767,1490,2154,19855,33822,83888,106042,468648,1136229,1.852942
1136,Fri,10-Aug-18,18  20  36  43  44  -  03  09,75.029181,55.372392,0,8,4,33,702,1972,1537,34275,34730,73897,192343,545017,1135029,2.019547
1135,Tue,07-Aug-18,16  28  29  30  36  -  08  10,67.719962,40.605496,0,4,7,24,520,1188,1208,17843,25528,60531,94854,385045,908366,1.495118
1134,Fri,03-Aug-18,7  26  36  38  43  -  06  12,61.780382,51.928725,0,1,9,40,674,1316,1727,19562,30228,79901,104053,447263,1196031,1.880805
1133,Tue,31-Jul-18,20  25  34  42  45  -  06  11,50.637585,37.736184,0,3,2,19,484,1102,1057,16092,21630,52120,87563,332174,802836,1.315082
1132,Fri,27-Jul-18,11  17  22  23  41  -  06  11,42.386533,47.960699,0,2,11,33,821,1714,2151,23791,37344,92897,118555,516868,1282773,2.07696
1131,Tue,24-Jul-18,2  4  23  39  40  -  03  09,32.023423,33.278241,0,2,5,37,477,1403,1003,21546,22570,47661,120858,354748,736430,1.30674
1130,Fri,20-Jul-18,2  15  40  43  46  -  03  06,24.941396,45.14767,0,2,3,23,505,1389,1169,22700,25594,55549,139000,411723,869397,1.527054
1129,Tue,17-Jul-18,4  6  27  48  50  -  01  11,15.1266,31.195213,0,2,5,28,456,999,1009,14088,19831,48717,73899,290388,751084,1.200506
1128,Fri,13-Jul-18,1  4  14  21  49  -  02  12,15.0212,55.763055,1,2,5,30,898,1409,2380,20614,37456,101708,108026,533918,1413912,2.220359
1127,Tue,10-Jul-18,3  8  26  33  45  -  07  10,57.975368,38.076355,1,1,3,20,622,1218,1444,17955,27562,62996,95468,401436,910841,1.519567
1126,Fri,06-Jul-18,8  30  33  38  48  -  02  10,49.801491,49.316109,0,2,5,40,693,1463,1507,21135,30869,74041,116181,452469,1087038,1.785443
1125,Tue,03-Jul-18,1  12  15  29  48  -  03  05,39.091736,34.597435,0,3,4,45,641,1768,1334,25492,28960,55949,133723,410279,782597,1.440795
1124,Fri,29-Jun-18,15  21  23  40  48  -  03  12,31.647298,45.487133,0,1,10,23,592,1026,1607,15330,28679,73315,81888,427917,1087939,1.718327
1123,Tue,26-Jun-18,15  16  20  34  50  -  04  07,21.730843,31.244183,0,0,2,19,383,1168,893,18939,20424,43238,110788,327131,668626,1.191611
1122,Fri,22-Jun-18,14  25  39  41  44  -  02  08,14.96,42.254955,0,2,1,42,590,1910,1409,27282,28705,62370,155713,419424,900741,1.598189
1121,Tue,19-Jun-18,7  19  26  42  50  -  04  09,31.80904,32.932697,1,3,7,37,630,1651,1502,22199,25959,58225,116754,370530,809048,1.406546
1120,Fri,15-Jun-18,23  26  33  38  49  -  01  12,24.560828,44.849669,0,3,3,24,581,1188,1542,16457,24925,75404,88960,368104,1112523,1.689714
1119,Tue,12-Jun-18,7  21  23  36  38  -  06  08,14.9549,31.799224,0,5,5,40,571,1387,1374,19025,26488,60413,96830,366496,799959,1.372593
1118,Fri,08-Jun-18,8  19  32  43  46  -  02  08,14.9311,46.289749,1,2,9,61,718,2226,1602,31520,31567,66991,175269,469714,979042,1.758722
1117,Tue,05-Jun-18,9  15  22  39  46  -  04  05,14.8869,31.989495,1,2,6,30,614,1098,1173,16388,24743,47906,91180,362325,705841,1.251307
1116,Fri,01-Jun-18,17  18  24  29  40  -  04  05,34.972315,56.867232,2,0,8,39,866,1966,1723,28380,42801,83791,147619,636537,1245568,2.1893
1115,Tue,29-May-18,6  11  20  38  43  -  02  04,57.637756,36.294949,0,5,9,22,565,1269,1168,19354,26322,54538,104785,387481,823102,1.41862
1114,Fri,25-May-18,13  15  16  28  41  -  04  05,50.089464,49.788887,0,2,12,47,869,1992,1701,27402,42040,79525,138770,604725,1146351,2.043436
1113,Tue,22-May-18,1  11  37  41  48  -  08  12,39.384424,33.356636,0,0,3,13,366,717,908,10776,17848,47909,58842,276427,732470,1.146279
1112,Fri,18-May-18,5  8  10  13  31  -  03  06,32.04007,46.596523,0,6,15,97,1539,3001,3099,35599,52400,106432,165889,626624,1267116,2.261817
1111,Tue,15-May-18,4  16  20  31  39  -  02  12,22.065747,33.093736,0,0,10,19,532,803,1338,11355,20991,56334,58948,300911,798453,1.249694
1110,Fri,11-May-18,3  22  34  49  50  -  08  11,15.0042,44.639668,0,4,5,37,669,1328,1531,18928,29473,67842,101366,425330,992779,1.639292
1109,Tue,08-May-18,17  25  35  39  44  -  02  05,39.948586,34.993771,1,1,7,25,592,1541,1270,22688,27328,55653,121697,391445,771586,1.393834
1108,Fri,04-May-18,6  12  23  39  45  -  09  12,32.659632,49.998889,0,5,12,22,857,1238,2171,17430,34480,90663,90023,485411,1263411,1.985723
1107,Tue,01-May-18,6  15  17  42  48  -  04  06,21.805469,31.550321,0,2,4,26,440,1256,1019,19621,22676,47577,104981,336895,726765,1.261262
1106,Fri,27-Apr-18,12  24  40  41  46  -  05  12,14.9583,48.050999,0,3,6,23,559,1088,1347,17138,27557,65598,92081,425397,1025311,1.656108
1105,Tue,24-Apr-18,20  23  28  30  44  -  03  07,121.328187,56.519901,1,4,12,57,978,3130,2081,47549,45687,93649,253163,663949,1328641,2.438901
1104,Fri,20-Apr-18,3  16  25  39  44  -  07  11,114.01,87.011065,0,3,18,62,1482,3054,3326,43327,61778,138348,232051,904841,2000295,3.388585
1103,Tue,17-Apr-18,15  27  33  39  50  -  04  06,22.289222,34.994084,0,1,3,34,559,1438,1366,20248,24005,55641,110890,355112,802553,1.37185
1102,Fri,13-Apr-18,5  25  34  48  50  -  06  07,14.7407,59.903706,0,8,8,39,934,1899,1766,29175,41044,84787,164842,633647,1284361,2.24251
1101,Tue,10-Apr-18,14  27  39  46  48  -  11  12,14.8291,32.820289,1,2,7,14,424,717,1321,11155,17965,52314,56549,250305,759494,1.150268
1100,Fri,06-Apr-18,1  29  33  45  47  -  04  08,66.429609,54.278924,1,2,7,35,708,1848,1464,28515,32928,73462,168281,516669,1139793,1.963713
1099,Tue,03-Apr-18,3  8  16  40  43  -  05  08,59.156133,36.484727,0,5,3,42,654,1915,1174,28448,29617,54389,151144,416552,805870,1.489813
1098,Fri,30-Mar-18,12  17  28  35  47  -  07  11,51.598288,50.354219,0,4,11,55,870,1776,1923,25476,39337,83813,129691,559458,1204806,2.04722
1097,Tue,27-Mar-18,17  20  23  40  46  -  09  10,40.629122,36.012598,0,0,7,13,531,956,1160,14104,23981,55828,73908,367137,852071,1.389696
1096,Fri,23-Mar-18,5  7  11  46  50  -  08  11,32.771739,48.699208,0,4,1,26,782,1537,1824,21909,37125,89006,113358,518659,1263442,2.047673
1095,Tue,20-Mar-18,26  29  37  39  44  -  09  11,22.265427,34.183462,0,2,2,21,472,1089,1115,14333,22841,51922,75884,324786,742868,1.235335
1094,Fri,16-Mar-18,4  17  24  27  31  -  10  11,14.9923,47.945015,0,3,8,36,868,1318,3011,18824,34411,110927,96201,451314,1398493,2.115414
1093,Tue,13-Mar-18,9  11  13  33  49  -  06  12,54.643467,41.132504,1,3,6,32,821,1168,2537,16318,30904,91082,82028,415404,1173870,1.814174
1092,Fri,09-Mar-18,9  14  21  32  44  -  01  12,45.846428,53.794208,0,2,21,39,848,1444,2737,20167,32400,105598,105822,459675,1436467,2.16522
1091,Tue,06-Mar-18,15  20  26  31  44  -  02  09,34.392263,38.486526,0,4,7,39,613,1554,1307,24047,27641,57846,131279,410692,843713,1.498742
1090,Fri,02-Mar-18,2  7  34  45  48  -  01  12,26.096672,50.393853,0,2,10,21,577,1135,1499,17774,25546,73784,98073,395706,1173433,1.78756
1089,Tue,27-Feb-18,3  31  41  48  50  -  08  11,14.9566,36.039929,0,0,2,21,387,917,855,13776,19689,44670,77440,316170,724282,1.198209
1088,Fri,23-Feb-18,10  17  18  28  47  -  03  07,77.798898,107.672589,2,5,16,172,1994,6898,3890,98958,90759,179067,486402,1322556,2594009,4.784728
1087,Tue,20-Feb-18,6  14  19  25  29  -  05  11,142.157622,69.032238,0,6,21,60,1452,2540,3227,36205,57333,131701,184689,775787,1755147,2.948168
1086,Fri,16-Feb-18,10  12  23  32  50  -  04  10,133.365227,79.640508,0,5,17,67,1409,2619,3301,37497,60136,149371,187050,834983,2066188,3.342643
1085,Tue,13-Feb-18,10  13  17  21  44  -  01  10,123.305866,60.242902,0,4,9,42,1130,2160,3144,27406,49475,132437,134707,643127,1698031,2.691672
1084,Fri,09-Feb-18,22  31  36  38  44  -  01  11,114.539544,76.7658,0,1,8,52,925,2179,2260,31650,43948,112639,174441,664157,1708450,2.74071
1083,Tue,06-Feb-18,8  17  28  34  38  -  06  12,104.423108,58.246284,0,5,14,37,1067,1719,2956,23608,41623,114702,121659,552906,1484274,2.34457
1082,Fri,02-Feb-18,14  34  36  39  48  -  02  03,95.972671,68.582951,0,3,9,41,965,1818,1954,28065,44803,91932,161018,669394,1363018,2.36302
1081,Tue,30-Jan-18,11  15  21  27  35  -  04  05,86.173606,46.951741,0,5,8,62,1090,1974,1972,26715,45781,83903,130826,602610,1144898,2.039844
1080,Fri,26-Jan-18,6  15  24  28  48  -  04  09,79.917041,60.010714,0,1,14,71,1109,2875,2308,40328,46745,101544,208277,650928,1404360,2.45856
1079,Tue,23-Jan-18,5  8  9  23  24  -  07  08,71.872851,43.817393,0,4,8,50,1352,2015,2262,26961,49803,88016,123402,632007,1157590,2.08347
1078,Fri,19-Jan-18,3  8  17  44  50  -  02  07,66.212715,56.767035,0,4,9,64,1032,2788,2246,41751,46628,95116,218796,677323,1353402,2.439159
1077,Tue,16-Jan-18,20  23  31  34  46  -  03  12,54.434216,41.235007,0,4,5,19,554,1007,1297,13688,24410,60992,74728,362340,907204,1.446248
1076,Fri,12-Jan-18,13  21  23  30  45  -  04  06,45.394452,54.314232,0,3,8,62,1034,2565,2160,35886,44300,99615,178250,616246,1372220,2.352349
1075,Tue,09-Jan-18,6  12  15  38  49  -  02  09,33.484288,36.87215,0,3,5,28,584,1474,1233,22441,28300,57271,119632,415934,837537,1.484442
1074,Fri,05-Jan-18,2  5  20  38  41  -  04  08,25.687589,48.995782,0,7,9,42,650,1790,1523,28155,32348,71335,156933,490695,1082488,1.865975
1073,Tue,02-Jan-18,10  20  21  28  48  -  01  08,15.0841,32.063846,0,3,1,22,536,1210,1135,17609,24060,53024,87475,354721,778317,1.318113
1072,Fri,29-Dec-17,4  8  22  23  48  -  01  12,34.588069,58.400002,1,0,10,31,800,1587,2339,22915,36308,111558,120488,518891,1568634,2.383562
1071,Tue,26-Dec-17,4  17  30  43  44  -  02  10,21.951423,31.7302,0,3,9,27,493,1053,1138,14551,21175,50947,75333,310777,754009,1.229515
1070,Fri,22-Dec-17,5  24  30  31  43  -  03  06,15.0892,52.767727,0,3,7,46,835,2178,1787,32634,38154,78611,176731,564949,1157067,2.053002
1069,Tue,19-Dec-17,8  15  30  38  46  -  04  07,119.876081,58.502723,1,3,7,63,957,2380,2168,34567,41492,95559,193533,604183,1287357,2.26227
1068,Fri,15-Dec-17,25  30  31  42  50  -  02  11,111.674784,71.777263,0,0,5,42,845,2063,2050,31232,42586,99990,171626,659729,1574363,2.584531
1067,Tue,12-Dec-17,20  37  39  44  50  -  04  08,101.93867,53.927592,0,3,5,35,676,1859,1442,27480,36313,74052,160237,514269,1120517,1.936888
1066,Fri,08-Dec-17,4  22  30  32  34  -  03  04,94.304641,63.802103,0,3,5,48,928,2165,1950,31992,46679,91931,166876,706341,1384859,2.433777
1065,Tue,05-Dec-17,11  36  43  44  48  -  02  07,85.788778,48.012341,0,2,8,27,538,1732,1303,27668,29385,62963,166184,463148,970404,1.723362
1064,Fri,01-Dec-17,5  24  29  35  46  -  11  12,79.577293,59.454221,0,3,5,28,665,1257,1831,19583,30961,89894,107739,462590,1425495,2.140051
1063,Tue,28-Nov-17,1  6  12  18  42  -  02  07,71.866782,42.477656,0,6,6,47,888,2409,1815,31595,37638,74992,159087,505364,1000302,1.814149
1062,Fri,24-Nov-17,19  24  28  30  50  -  03  10,66.743323,55.852301,0,0,6,49,796,1854,1882,26950,38381,88186,140410,577668,1335049,2.211231
1061,Tue,21-Nov-17,2  10  14  28  31  -  05  07,54.215274,38.699238,0,4,6,78,1097,2675,2066,33869,39261,72995,163151,490855,906994,1.713051
1060,Fri,17-Nov-17,20  26  35  36  42  -  05  12,46.135062,54.424586,0,0,5,18,661,1199,1502,18349,29453,70888,100915,469372,1134395,1.826757
1059,Tue,14-Nov-17,14  16  39  40  41  -  08  10,34.502478,36.019661,0,3,1,13,421,922,981,14331,20209,47162,80222,313177,740469,1.217911
1058,Fri,10-Nov-17,13  22  29  36  37  -  01  09,26.361644,52.423351,0,0,8,53,1057,2100,2562,28957,39528,90530,153944,549490,1241136,2.109365
1057,Tue,07-Nov-17,7  19  20  37  41  -  02  12,14.9702,35.221957,0,0,2,22,446,858,1210,12194,21728,60738,64618,332500,907965,1.402281
1056,Fri,03-Nov-17,5  12  17  33  41  -  04  09,25.476778,48.106379,1,3,14,73,1083,2753,2301,35152,40572,89458,173864,549552,1198104,2.09293
1055,Tue,31-Oct-17,1  12  36  43  46  -  03  05,14.9192,34.278913,0,0,3,17,352,1096,820,19570,20167,42156,124637,334761,675122,1.218701
1054,Fri,27-Oct-17,3  16  23  32  39  -  01  04,15.011,47.807162,1,3,16,38,953,1563,2301,22235,35272,86571,117047,499948,1171498,1.937446
1053,Tue,24-Oct-17,9  11  13  27  33  -  07  10,58.670142,40.519016,1,6,11,54,1277,1817,2655,22229,44165,95656,103819,523928,1148829,1.944447
1052,Fri,20-Oct-17,4  17  23  27  30  -  03  08,49.71213,54.816456,0,8,15,84,1525,3401,2873,43688,56967,110324,200749,712640,1403739,2.536013
1051,Tue,17-Oct-17,13  17  19  26  36  -  02  03,37.871775,38.276455,0,0,8,30,783,1482,1513,19604,36243,66783,97256,501781,933246,1.658729
1050,Fri,13-Oct-17,23  29  37  45  50  -  05  11,29.491384,66.495762,0,2,9,45,893,2134,2048,30447,43671,96775,164479,637728,1420204,2.398435
1049,Tue,10-Oct-17,4  21  34  36  37  -  03  06,15.2099,38.139517,0,1,4,26,466,1361,989,21211,23807,49395,121922,368630,763924,1.351736
1048,Fri,06-Oct-17,1  9  15  19  25  -  01  07,170.81,120.003558,1,16,22,161,3119,6365,5668,"79,614",116308,221456,363925,1438780,2939995,5.17543
1047,Tue,03-Oct-17,6  24  32  48  50  -  01  05,168.701,97.979161,0,4,17,70,1469,2999,3497,46207,65740,147110,262334,952354,2107578,3.589379
1046,Fri,29-Sep-17,7  18  19  32  48  -  03  07,157.898325,100.144727,0,7,20,124,2029,6348,3908,91021,83594,162999,453867,1191188,2300570,4.295675
1045,Tue,26-Sep-17,1  29  40  41  48  -  06  12,143.626132,70.998122,0,8,7,42,800,1752,1916,26674,37830,94285,148962,596975,1488156,2.397407
1044,Fri,22-Sep-17,6  11  31  39  42  -  01  03,134.911784,86.188913,0,2,9,64,1266,2671,2757,42947,59276,132787,231066,888030,1963331,3.324206
1043,Tue,19-Sep-17,1  8  21  30  45  -  02  03,123.904174,62.697585,0,8,11,41,1049,2091,2210,30268,47511,97136,157465,696585,1405122,2.439497
1042,Fri,15-Sep-17,13  18  37  44  49  -  09  12,114.504,94.883433,0,6,19,42,1418,2533,3429,36245,64513,159188,190862,919842,2283940,3.662037
1041,Tue,12-Sep-17,10  17  27  29  35  -  04  11,33.717075,37.221319,0,2,5,26,697,1255,1740,17329,28998,78450,86249,387697,989179,1.591627
1040,Fri,08-Sep-17,9  24  42  47  49  -  01  05,25.993675,48.571184,0,1,4,24,580,1466,1346,22753,29517,65617,130535,463292,1003813,1.718948
1039,Tue,05-Sep-17,6  9  18  28  29  -  01  09,15.5601,33.089651,0,5,12,57,906,1668,1603,21772,31037,65089,98087,391894,838812,1.450942
1038,Fri,01-Sep-17,3  7  8  14  49  -  05  08,25.914013,47.871823,1,3,5,44,955,2749,1830,41270,43119,85550,204738,595082,1179926,2.155272
1037,Tue,29-Aug-17,4  12  15  32  38  -  01  05,15.7675,32.65944,0,1,4,29,567,1155,1180,17328,23963,51303,91726,350582,732569,1.270407
1036,Fri,25-Aug-17,1  5  7  15  47  -  09  12,15.7352,46.483129,1,2,14,24,841,1054,2304,14733,33589,98628,74972,449128,1254375,1.929665
1035,Tue,22-Aug-17,3  10  12  17  27  -  03  05,40.510685,36.185729,1,12,8,126,1540,3727,2247,36864,48664,79413,149279,531479,930622,1.783982
1034,Fri,18-Aug-17,2  24  39  42  45  -  02  08,32.520149,48.038279,0,3,5,36,650,2017,1318,30792,30161,62411,173919,455753,946271,1.703336
1033,Tue,15-Aug-17,10  14  30  35  46  -  04  10,22.117219,30.577404,0,0,4,18,397,796,930,12204,18107,43179,64398,277649,667406,1.085088
1032,Fri,11-Aug-17,18  28  39  46  48  -  05  12,15.4496,45.714168,0,3,5,33,646,1027,1536,14822,27002,66401,79233,384165,938643,1.513516
1031,Tue,08-Aug-17,15  25  26  40  41  -  04  05,33.089644,34.844789,1,4,5,24,485,1171,975,17221,23975,45521,90484,369504,705906,1.255276
1030,Fri,04-Aug-17,29  30  36  40  41  -  02  09,25.529274,47.058676,0,4,5,25,519,1197,1076,22690,24919,52567,137455,420217,879894,1.540568
1029,Tue,01-Aug-17,14  21  24  29  30  -  08  10,15.2082,32.32983,0,4,12,25,579,1096,1464,14436,23699,58934,74867,330638,810694,1.316448
1028,Fri,28-Jul-17,5  9  29  31  41  -  02  04,51.70205,52.386348,1,3,7,57,819,1984,1850,28366,38374,83876,148371,570357,1218959,2.093024
1027,Tue,25-Jul-17,12  14  43  44  48  -  02  11,40.445365,35.780356,0,1,3,23,376,955,931,15590,20402,46814,88833,327437,772642,1.274007
1026,Fri,21-Jul-17,1  8  9  26  49  -  05  09,32.874047,47.706993,0,2,3,52,895,2398,1716,35167,41037,76145,182995,564974,1069100,1.974484
1025,Tue,18-Jul-17,1  25  27  41  45  -  05  07,22.265567,33.279015,0,5,2,21,474,1499,902,25984,22709,42754,143431,366785,675226,1.279792
1024,Fri,14-Jul-17,11  14  20  21  47  -  07  10,14.9005,44.558018,0,1,3,38,709,1446,1532,21105,34252,75388,108366,500930,1108450,1.85222
1023,Tue,11-Jul-17,14  22  26  42  50  -  08  10,15.1895,33.406521,1,2,5,29,443,955,1072,14187,21345,50952,75221,319253,762345,1.24581
1022,Fri,07-Jul-17,11  20  35  37  45  -  03  06,25.663715,49.105625,1,5,10,31,821,1682,1598,26983,32427,67850,157645,491840,1022080,1.802973
1021,Tue,04-Jul-17,10  22  25  37  49  -  05  08,14.943,33.812645,0,2,4,41,576,1875,1228,26316,26491,53474,139075,384356,761876,1.395314
1020,Fri,30-Jun-17,17  35  39  47  50  -  06  08,87.57,83.170005,1,6,7,51,1145,2819,2660,42873,54632,120296,239603,819304,1773960,3.057357
1019,Tue,27-Jun-17,9  17  21  28  45  -  01  03,70.127201,42.245303,0,7,7,50,1018,1645,2042,23269,38384,82034,117443,497070,1070350,1.833319
1018,Fri,23-Jun-17,3  4  21  31  38  -  03  07,64.0821,53.487663,0,4,4,45,725,3326,1557,53795,41003,77727,271863,637300,1198651,2.286
1017,Tue,20-Jun-17,11  18  26  43  44  -  08  10,52.594374,37.716154,0,3,4,24,533,1130,1275,16821,25527,60458,87600,379200,897423,1.469998
1016,Fri,16-Jun-17,15  17  38  41  42  -  09  12,44.150291,49.857736,0,8,13,20,653,1070,1684,15981,29474,75357,85775,442692,1159464,1.812191
1015,Tue,13-Jun-17,3  12  22  27  49  -  04  11,33.506785,36.307641,0,2,12,26,611,1279,1735,16878,28149,74209,84363,386576,997580,1.59142
1014,Fri,09-Jun-17,9  20  27  39  43  -  10  11,25.684767,49.659572,0,1,11,17,699,1351,2157,18657,31122,90499,101443,431977,1276750,1.954684
1013,Tue,06-Jun-17,20  22  25  37  40  -  03  07,14.8665,34.324989,0,0,3,31,514,1657,1063,27783,22954,47389,162020,367668,733727,1.364809
1012,Fri,02-Jun-17,8  10  24  33  42  -  03  09,134.808762,90.27707,1,7,23,111,1827,4387,3983,61745,74589,158010,329474,1025852,2159425,3.819434
1011,Tue,30-May-17,7  12  27  38  48  -  06  09,121.851562,64.064166,0,3,17,54,1266,2982,2866,40909,53492,115921,206300,747463,1604043,2.775316
1010,Fri,26-May-17,5  7  26  36  39  -  02  10,113.47596,75.577708,0,4,9,55,1230,2572,2715,37779,52565,127337,196462,787862,1895568,3.104158
1009,Tue,23-May-17,8  15  25  27  42  -  01  04,102.10143,58.44828,0,4,8,51,1066,2117,2582,28867,47039,109569,149808,642045,1505250,2.488406
1008,Fri,19-May-17,9  11  12  19  30  -  04  09,93.927013,70.44166,0,6,15,116,2155,4725,3998,58946,78073,153428,263339,937524,1938752,3.441077
1007,Tue,16-May-17,8  11  15  20  30  -  03  08,84.319251,48.559511,0,3,17,82,1365,2998,2487,37148,50466,95673,173088,618881,1229049,2.211257
1006,Fri,12-May-17,2  20  28  29  44  -  03  09,76.813393,59.292902,0,0,10,55,923,2642,2063,40239,45203,94832,223008,673987,1398397,2.481359
1005,Tue,09-May-17,8  12  16  22  26  -  06  07,68.249429,41.102401,0,10,13,52,1263,2087,2231,28776,45771,83417,127810,580491,1076334,1.948255
1004,Fri,05-May-17,3  7  30  35  43  -  01  03,63.162406,53.198136,0,4,2,41,923,1887,1698,31310,43330,84899,157020,636510,1278175,2.235799
1003,Tue,02-May-17,6  19  23  25  27  -  11  12,55.848627,33.867144,0,2,13,20,573,808,2340,11636,22325,87738,60687,300043,1103995,1.59018
1002,Fri,28-Apr-17,14  20  25  30  39  -  02  08,48.309589,49.665963,0,2,4,63,872,2620,1794,37060,38755,81489,196312,557444,1180984,2.097399
1001,Tue,25-Apr-17,9  11  19  32  43  -  03  09,38.059267,33.879345,0,9,7,50,758,2180,1403,29523,31559,58499,141385,431628,820118,1.517119
1000,Fri,21-Apr-17,2  13  16  22  49  -  04  05,30.153753,44.118297,0,3,6,39,888,1784,1861,24839,40647,80735,129174,568872,1108135,1.956983
999,Tue,18-Apr-17,17  22  31  38  45  -  05  12,20.624201,29.646765,0,1,3,14,426,695,1110,10301,19911,48987,55483,292336,730439,1.159706
998,Fri,14-Apr-17,4  14  20  23  33  -  06  10,14.4228,41.990323,0,3,5,46,852,1474,2149,20801,34054,88122,103554,459998,1185499,1.896557
997,Tue,11-Apr-17,5  21  22  31  49  -  02  08,70.887897,42.469068,1,1,5,34,679,1981,1331,30230,31833,69370,163646,479239,1029199,1.807549
996,Fri,07-Apr-17,2  10  19  35  50  -  06  07,65.668144,53.602954,0,2,11,47,899,1974,2014,29033,43568,88858,154973,636764,1277867,2.23601
995,Tue,04-Apr-17,1  9  24  33  34  -  02  06,58.513592,38.815303,0,3,4,32,575,1639,1175,24843,27920,60062,132897,426256,911875,1.587281
994,Fri,31-Mar-17,17  24  26  28  45  -  04  12,49.849009,50.603404,0,2,14,23,721,1195,2096,17946,33464,95479,94913,480911,1364410,2.091174
993,Tue,28-Mar-17,9  13  31  33  46  -  06  10,39.63035,35.18912,0,3,13,31,594,1160,1377,16499,25210,61436,85940,359331,885792,1.437386
992,Fri,24-Mar-17,2  17  21  27  34  -  05  09,31.918888,46.913486,0,7,5,82,1168,2893,2019,37976,44252,85489,185338,600419,1154547,2.114195
991,Tue,21-Mar-17,1  20  23  44  47  -  04  11,21.81829,32.774493,0,2,5,21,411,965,973,14392,19970,48313,75836,311529,770119,1.242536
990,Fri,17-Mar-17,6  10  19  29  36  -  03  09,14.7424,45.567415,0,2,11,84,1019,2770,1907,36355,41785,81326,178397,564357,1103923,2.011936
989,Tue,14-Mar-17,3  5  21  36  44  -  03  06,70.386999,43.308809,1,4,7,31,693,1947,1443,29265,34032,66907,150788,506197,1004145,1.79546
988,Fri,10-Mar-17,31  36  38  47  49  -  08  11,64.931865,56.928407,0,1,4,31,671,1493,1616,22625,31548,70465,123981,488735,1114364,1.855534
987,Tue,07-Mar-17,6  37  41  48  50  -  04  05,51.910688,39.160784,0,0,4,23,450,1031,1000,16551,23140,49846,100253,368378,777159,1.337835
986,Fri,03-Mar-17,2  11  29  30  47  -  01  12,43.311596,51.114788,0,5,6,23,667,1280,2199,18400,30390,92728,98747,438894,1319018,2.002357
985,Tue,28-Feb-17,10  20  31  35  42  -  02  12,31.923442,33.789459,0,0,4,17,410,760,1246,11402,20373,54502,60555,308000,821467,1.278736
984,Fri,24-Feb-17,2  4  13  22  43  -  08  09,24.449171,46.402645,0,7,10,32,1038,1588,2203,23372,43523,88645,120351,587214,1193938,2.061921
983,Tue,21-Feb-17,13  19  41  45  49  -  03  04,14.3837,31.245095,0,2,3,12,469,946,928,14342,22453,46637,81058,349450,710356,1.226656
982,Fri,17-Feb-17,19  25  33  36  48  -  02  09,14.5095,44.987395,1,3,8,33,711,1590,1502,25531,31155,66061,144487,471329,986394,1.728805
981,Tue,14-Feb-17,2  10  24  40  44  -  03  10,19.987961,36.750157,2,1,6,27,585,1352,1322,18710,26447,61439,96739,392902,912910,1.512442
980,Fri,10-Feb-17,7  21  26  35  43  -  02  09,32.204121,48.428113,0,4,6,62,990,2202,2066,30549,42233,86623,159849,565625,1158318,2.048527
979,Tue,07-Feb-17,4  10  31  38  44  -  08  10,21.809971,33.680421,0,0,3,24,599,1266,1175,16383,26590,56225,80874,350916,812462,1.346517
978,Fri,03-Feb-17,3  4  15  46  50  -  05  09,14.6863,48.525879,0,3,5,30,700,1892,1369,32498,33285,67286,182855,542868,1075437,1.938228
977,Tue,31-Jan-17,3  4  17  23  44  -  06  09,22.233944,35.320576,1,3,3,46,724,1808,1714,24548,33053,73036,119818,449761,975867,1.680382
976,Fri,27-Jan-17,17  20  28  45  48  -  05  09,14.4959,46.536379,0,2,10,52,741,2215,1466,32734,36192,70246,177760,529133,1036365,1.886916
975,Tue,24-Jan-17,1  5  7  17  23  -  03  08,76.052175,46.062204,1,11,25,103,1624,3273,3792,38294,58023,121326,171338,659707,1345199,2.402716
974,Fri,20-Jan-17,10  17  27  31  49  -  03  05,70.419453,58.848184,0,3,16,96,1235,3601,2278,47153,53184,102166,236179,736643,1411722,2.594276
973,Tue,17-Jan-17,4  16  25  43  47  -  02  10,62.366698,41.85769,0,4,8,29,630,1319,1374,19340,26865,65156,105357,401661,950064,1.571807
972,Fri,13-Jan-17,3  7  16  26  50  -  04  07,53.936316,62.072885,0,8,9,62,1379,3228,2466,46858,57280,109202,238914,778041,1517238,2.754685
971,Tue,10-Jan-17,2  11  29  35  44  -  04  09,40.25965,37.038561,0,3,5,50,750,1621,1515,24029,27375,62277,128094,396092,869294,1.511105
970,Fri,06-Jan-17,10  14  18  21  49  -  09  11,31.898943,46.851392,0,5,9,20,754,1405,1789,21100,35407,86431,111273,504296,1225401,1.98789
969,Tue,03-Jan-17,19  23  27  34  49  -  01  11,21.591336,32.967296,0,0,7,30,572,1093,1489,15593,23554,65312,79367,327904,891999,1.40692
968,Fri,30-Dec-16,8  10  22  29  47  -  01  03,14.5384,49.286754,0,3,7,42,895,2003,1884,27490,40900,88780,140437,568132,1235236,2.105809
967,Tue,27-Dec-16,3  22  25  32  39  -  07  12,21.534783,32.579553,1,3,2,14,497,795,1218,11807,22240,54968,61594,326595,811831,1.291565
966,Fri,23-Dec-16,4  16  20  39  46  -  02  05,14.4874,52.10904,0,2,7,49,989,2297,1962,33162,39591,80841,183528,571233,1134414,2.048075
965,Tue,20-Dec-16,13  15  17  21  27  -  02  03,51.875129,40.075128,1,14,15,67,1583,2047,2543,24069,50852,90651,108723,607464,1117419,2.005448
964,Fri,16-Dec-16,6  10  30  41  45  -  04  11,43.003166,51.166631,0,6,10,31,824,1448,1963,21497,33566,83757,118116,498493,1249755,2.009466
963,Tue,13-Dec-16,14  28  29  48  50  -  02  08,32.050401,35.236501,0,3,2,32,505,1651,1046,25401,24510,52181,141240,380023,803844,1.430438
962,Fri,09-Dec-16,6  12  28  37  40  -  01  05,24.450957,47.072026,0,8,6,51,853,1840,1886,27676,37539,81417,150188,543595,1146616,1.991675
961,Tue,06-Dec-16,1  7  11  27  45  -  04  09,14.3922,31.716791,0,4,8,43,759,1943,1799,25031,31796,70700,118640,413285,898252,1.56226
960,Fri,02-Dec-16,6  11  23  31  32  -  02  12,24.66213,48.104772,1,2,4,20,708,1170,2034,17370,34713,97572,90478,488804,1354982,2.087858
959,Tue,29-Nov-16,21  26  27  28  38  -  09  11,14.4942,32.66667,0,4,3,22,435,1007,986,14978,21331,51277,81038,340644,821109,1.332834
958,Fri,25-Nov-16,5  11  17  23  28  -  10  11,26.009712,54.2551,2,6,33,49,1363,1904,4792,24927,46467,150408,121420,576536,1769289,2.697196
957,Tue,22-Nov-16,5  10  33  34  47  -  02  10,40.546633,36.532667,0,1,3,22,500,1146,1090,17520,23499,54944,95576,367122,864045,1.425468
956,Fri,18-Nov-16,3  12  27  32  47  -  06  08,32.72043,49.655757,0,2,16,45,938,2122,2004,30680,40754,86263,159108,578129,1219769,2.11983
955,Tue,15-Nov-16,7  15  36  42  48  -  03  07,22.092234,34.47562,0,2,3,55,581,2108,1167,32284,25998,49068,178354,383252,731957,1.404829
954,Fri,11-Nov-16,3  22  23  38  49  -  02  09,14.6489,47.127288,0,6,7,39,804,1954,1631,29267,36204,73994,153956,542075,1106799,1.946736
953,Tue,08-Nov-16,5  9  47  49  50  -  08  09,35.072281,38.172573,1,1,3,24,578,1471,1196,18718,27485,55266,95626,412673,823632,1.436674
952,Fri,04-Nov-16,7  11  12  44  48  -  03  07,26.830014,54.032937,0,4,7,67,902,3702,1586,59755,45474,81630,295176,683958,1254788,2.427049
951,Tue,01-Nov-16,6  10  20  29  37  -  01  09,15.3629,33.719838,0,3,9,38,621,1465,1466,19634,25885,58634,97842,358325,808136,1.372058
950,Fri,28-Oct-16,10  16  19  23  43  -  02  08,15.667698,72.535638,1,5,8,112,1332,4187,2846,55816,59837,127410,273843,834733,1759886,3.120016
949,Tue,25-Oct-16,3  15  20  21  28  -  01  05,44.777159,42.350471,1,6,9,50,966,2108,1906,26486,39698,78814,125501,517974,1042087,1.835606
948,Fri,21-Oct-16,9  20  23  44  48  -  08  10,35.49788,55.309888,0,3,10,36,846,1591,1806,24943,35930,85437,128187,544209,1289660,2.112658
947,Tue,18-Oct-16,2  17  21  25  27  -  06  09,23.638239,39.106662,0,0,6,52,844,1907,1853,25866,33852,73828,127668,464657,996771,1.727304
946,Fri,14-Oct-16,7  13  19  31  34  -  01  11,15.3306,59.017984,0,5,14,60,1199,2115,3612,27405,46352,130326,135541,606634,1654340,2.607603
945,Tue,11-Oct-16,5  12  20  24  37  -  04  11,153.361048,84.831239,1,10,12,67,1558,2823,3832,38295,63646,156594,196862,861521,2102915,3.428136
944,Fri,07-Oct-16,2  12  20  27  30  -  09  11,140.104641,98.334429,0,11,19,73,1955,3307,5316,43532,77663,194837,223669,1029488,2520927,4.100797
943,Tue,04-Oct-16,4  7  14  34  38  -  04  11,124.041722,70.457205,0,7,11,56,1345,2483,2789,34247,58969,126962,172852,764835,1770619,2.935175
942,Fri,30-Sep-16,17  35  37  43  44  -  02  10,112.697,106.633158,0,6,15,84,1516,3493,3456,51239,71403,169033,269403,1031101,2427770,4.028519
941,Tue,27-Sep-16,6  9  13  39  41  -  02  12,14.671,38.443084,0,3,7,21,536,877,1554,13715,25400,72147,70688,368993,1018716,1.572657
