Draw Number,Draw Day,Time,Balls,Jackpot Size (m),Draw Sales (m),Sales Above or Below Average,Jackpot Winners,Runners Up,Tier 1,Tier 2,Tier 3,Total Winners (thousands),Number of Winners Above or Below Average
2604,Sat,05-Dec-20,13  38  47  51  52  59  -  18,4.109513,21.22,Above,0,3,54,3126,73700,76.883,Below
2603,Wed,02-Dec-20,16  22  26  38  39  47  -  48,2,12.7,Below,0,1,37,2939,68998,71.975,Below
2602,Sat,28-Nov-20,9  27  35  45  46  57  -  32,12.032594,28.309662,Above,0,1,72,5358,135673,141.104,Above
2601,Wed,25-Nov-20,11  18  30  33  44  55  -  48,9.261078,15.50568,Below,0,1,68,4454,87572,92.095,Below
2600,Sat,21-Nov-20,23  32  37  49  54  57  -  47,7.743072,23.125556,Above,0,0,57,3594,87171,90.822,Below
2599,Wed,18-Nov-20,18  26  27  28  41  54  -  45,5.47908,13.791226,Below,0,0,31,2457,65197,67.685,Below
2598,Sat,14-Nov-20,25  37  39  44  50  56  -  13,4.128919,21.745852,Above,0,1,44,3230,79936,83.211,Below
2597,Wed,11-Nov-20,6  36  46  49  50  59  -  38,2,12.7,Below,0,2,24,1871,48204,50.101,Below
2596,Sat,07-Nov-20,3  33  45  50  52  56  -  44,20,24,Above,0,0,75,5207,122670,127.952,Above
2595,Wed,04-Nov-20,10  20  28  32  35  50  -  24,12.98018,20.246118,Above,0,1,50,3799,95527,99.377,Below
2594,Sat,31-Oct-20,1  6  16  34  49  59  -  35,10.998085,23.55378,Above,0,0,62,4587,111241,115.89,Above
2593,Wed,28-Oct-20,11  18  27  38  47  59  -  14,8.69217,14.682492,Below,0,0,44,3362,78079,81.485,Below
2592,Sat,24-Oct-20,13  18  19  47  53  57  -  44,7.254754,22.014014,Above,0,2,49,3316,87231,90.598,Below
2591,Wed,21-Oct-20,9  12  27  28  29  44  -  8,5.099582,13.274586,Below,0,4,92,6168,111557,117.821,Above
2590,Sat,17-Oct-20,26  32  38  41  49  51  -  46,3.8,21,Above,0,1,45,3479,80648,84.173,Below
2589,Wed,14-Oct-20,9  12  28  31  46  50  -  10,8.996243,14.720246,Below,1,1,30,3465,79742,83.239,Below
2588,Sat,10-Oct-20,11  21  36  45  49  56  -  2,7.555131,22.034944,Above,0,0,60,4070,99601,103.731,Above
2587,Wed,07-Oct-20,12  18  37  52  56  58  -  53,5.39791,13.943534,Below,0,1,22,2104,49444,51.571,Below
2586,Sat,03-Oct-20,1  4  13  24  27  47  -  2,4.032838,20.764434,Above,0,0,159,8574,159253,167.986,Above
2585,Wed,30-Sep-20,10  25  34  41  46  55  -  36,2,15.5,Below,0,3,25,2201,52763,54.992,Below
2584,Sat,26-Sep-20,1  19  35  38  54  55  -  45,11.496937,25.518294,Above,0,0,64,3933,98734,102.731,Above
2583,Wed,23-Sep-20,8  17  28  35  47  51  -  52,8.998696,14.627294,Below,0,2,67,3370,76162,79.601,Below
2582,Sat,19-Sep-20,9  13  39  49  52  53  -  56,7.566684,22.270164,Above,0,1,48,3578,89983,93.61,Below
2581,Wed,16-Sep-20,16  20  29  33  47  49  -  45,5.386435,13.630694,Below,0,1,42,3042,69394,72.479,Below
2580,Sat,12-Sep-20,5  23  36  37  42  52  -  14,4.05199,20.960062,Above,0,3,57,4312,100374,104.746,Above
2579,Wed,09-Sep-20,11  13  33  48  50  56  -  55,2,12.7,Below,0,1,26,2178,53674,55.879,Below
2578,Sat,05-Sep-20,3  11  28  36  38  47  -  32,20,24,Above,0,3,141,8810,189067,198.021,Above
2577,Wed,02-Sep-20,11  15  45  54  55  58  -  12,9.041705,15.299274,Below,0,1,40,2348,57063,59.452,Below
2576,Sat,29-Aug-20,5  10  21  47  51  57  -  16,7.543906,22.75473,Above,0,1,55,3877,100582,104.515,Above
2575,Wed,26-Aug-20,4  8  24  27  31  39  -  45,5.316218,13.5648,Below,0,1,90,5166,100170,105.427,Above
2574,Sat,22-Aug-20,19  23  24  28  37  51  -  12,3.988224,20.308724,Above,0,0,46,3778,103096,106.92,Above
2573,Wed,19-Aug-20,21  22  32  36  45  50  -  5,2,12.7,Below,0,1,35,1868,50467,52.371,Below
2572,Sat,15-Aug-20,10  14  16  22  25  34  -  21,10.770647,22.91856,Above,1,3,103,7556,154421,162.084,Above
2571,Wed,12-Aug-20,6  8  27  31  37  51  -  20,8.52692,13.770726,Below,0,0,41,2844,71905,74.79,Below
2570,Sat,08-Aug-20,2  40  49  53  56  58  -  41,7.178766,21.203576,Above,0,2,32,2696,66649,69.379,Below
2569,Wed,05-Aug-20,1  28  42  43  51  58  -  36,5.102936,13.308846,Below,0,3,30,1797,46404,48.234,Below
2568,Sat,01-Aug-20,4  10  13  24  53  56  -  22,3.8,21,Above,0,2,62,3760,97740,101.564,Below
2567,Wed,29-Jul-20,1  24  39  46  49  52  -  51,5.139353,13.680828,Below,1,1,32,2300,55247,57.581,Below
2566,Sat,25-Jul-20,10  13  14  18  33  34  -  15,3.8,21,Above,0,1,73,4851,120313,125.238,Above
2565,Wed,22-Jul-20,2  7  11  23  37  45  -  19,2,12.7,Below,1,7,168,6630,111139,117.945,Above
2564,Sat,18-Jul-20,1  20  24  32  33  42  -  30,11.499676,25.449652,Above,0,2,60,5311,128703,134.076,Above
2563,Wed,15-Jul-20,9  27  29  37  44  53  -  49,9.008155,14.908908,Below,0,0,48,3392,79154,82.594,Below
2562,Sat,11-Jul-20,9  10  14  17  32  58  -  22,7.548573,21.705782,Above,0,1,61,4511,118894,123.467,Above
2561,Wed,08-Jul-20,5  18  22  31  50  59  -  30,5.423577,13.760122,Below,0,1,43,2553,63562,66.159,Below
2560,Sat,04-Jul-20,32  33  34  48  52  57  -  13,4.076461,21.21002,Above,0,3,54,3049,73913,77.019,Below
2559,Wed,01-Jul-20,1  8  24  27  29  55  -  4,2,12.7,Below,0,0,56,3557,82255,85.868,Below
2558,Sat,27-Jun-20,2  15  19  33  37  43  -  12,7.5,21,Above,2,4,118,7090,154785,161.999,Above
2557,Wed,24-Jun-20,1  8  33  50  52  57  -  41,12.867635,19.458018,Above,0,1,58,3124,75781,78.964,Below
2556,Sat,20-Jun-20,7  21  26  30  40  48  -  13,10.962695,23.056916,Above,0,5,86,6758,143828,150.677,Above
2555,Wed,17-Jun-20,2  9  33  39  48  54  -  43,8.705423,14.810818,Below,0,1,30,2845,69200,72.076,Below
2554,Sat,13-Jun-20,10  12  19  21  35  51  -  42,7.255444,21.429274,Above,0,1,70,4930,118581,123.582,Above
2553,Wed,10-Jun-20,20  26  50  51  55  57  -  40,5.157518,13.866374,Below,0,0,28,1928,44544,46.5,Below
2552,Sat,06-Jun-20,3  6  12  17  35  40  -  33,3.8,21,Above,0,3,116,7347,152296,159.762,Above
2551,Wed,03-Jun-20,1  2  5  11  14  33  -  48,2,12.7,Below,1,0,95,6092,117826,124.014,Above
2550,Sat,30-May-20,2  6  8  32  33  35  -  45,7.484179,21.96759,Above,1,1,76,5614,129510,135.202,Above
2549,Wed,27-May-20,4  7  19  23  34  38  -  46,5.333552,13.487844,Below,0,6,110,5651,105920,111.687,Above
2548,Sat,23-May-20,15  37  38  42  45  59  -  54,4.013092,20.562738,Above,0,0,29,3104,81156,84.289,Below
2547,Wed,20-May-20,7  24  26  37  40  57  -  44,2,12.7,Below,0,0,32,2490,61390,63.912,Below
2546,Sat,16-May-20,4  20  21  44  48  52  -  34,10.848734,23.413136,Above,1,1,51,4413,112695,117.161,Above
2545,Wed,13-May-20,14  16  19  31  38  47  -  20,8.556588,14.86572,Below,0,0,63,3804,84530,88.397,Below
2544,Sat,09-May-20,7  18  21  26  42  50  -  59,7.101234,20.85004,Above,0,0,90,5674,129222,134.986,Above
2543,Wed,06-May-20,23  29  32  48  49  51  -  13,5.060015,12.87043,Below,0,0,29,2154,53368,55.551,Below
2542,Sat,02-May-20,14  18  23  39  44  52  -  47,3.8,21,Above,0,3,84,4441,102352,106.88,Above
2541,Wed,29-Apr-20,16  17  32  36  40  47  -  4,12.384648,18.90147,Below,0,1,68,3988,95166,99.223,Below
2540,Sat,25-Apr-20,3  9  21  25  28  59  -  36,10.534194,21.991604,Above,0,2,90,6822,147144,154.058,Above
2539,Wed,22-Apr-20,3  8  18  47  50  59  -  12,8.381216,14.041706,Below,0,1,29,2349,62328,64.707,Below
2538,Sat,18-Apr-20,3  6  31  43  46  53  -  26,7.006533,20.146752,Above,0,0,62,3600,92888,96.55,Below
2537,Wed,15-Apr-20,25  37  38  43  54  57  -  17,5.034166,12.606394,Below,0,1,29,1835,45209,47.074,Below
2536,Sat,11-Apr-20,20  28  30  31  44  55  -  50,3.8,21,Above,0,0,46,3354,88796,92.196,Below
2535,Wed,08-Apr-20,1  4  19  20  41  45  -  7,11.735036,16.610102,Below,0,0,58,4568,98123,102.749,Above
2534,Sat,04-Apr-20,4  22  28  39  45  49  -  25,10.108907,20.912236,Above,0,1,65,5079,114448,119.593,Above
2533,Wed,01-Apr-20,4  16  17  22  27  52  -  30,8.061599,13.112308,Below,0,0,49,3795,84404,88.248,Below
2532,Sat,28-Mar-20,8  14  27  33  46  49  -  11,6.777904,18.771574,Below,0,2,101,5689,112029,117.821,Above
2531,Wed,25-Mar-20,11  24  25  39  53  57  -  9,4.940167,11.646242,Below,0,2,21,1722,45593,47.338,Below
2530,Sat,21-Mar-20,12  26  29  34  56  58  -  41,3.8,21,Above,0,0,32,3087,78460,81.579,Below
2529,Wed,18-Mar-20,3  7  11  19  27  52  -  5,1,12.7,Below,2,2,173,7842,121076,129.095,Above
2528,Sat,14-Mar-20,7  22  30  38  42  47  -  14,4.037783,20.814944,Above,1,6,91,6218,129966,136.282,Above
2527,Wed,11-Mar-20,10  39  45  46  52  54  -  12,2,12.7,Below,0,0,21,1732,44082,45.835,Below
2526,Sat,07-Mar-20,5  29  35  36  40  44  -  42,11.578001,25.665076,Above,0,3,71,5855,134162,140.091,Above
2525,Wed,04-Mar-20,4  7  14  19  50  56  -  8,9.06539,14.665648,Below,0,0,41,3109,81017,84.167,Below
2524,Sat,29-Feb-20,25  32  34  52  55  58  -  9,7.629623,22.304596,Above,0,1,56,3310,76497,79.864,Below
2523,Wed,26-Feb-20,19  20  27  49  52  57  -  4,5.446003,13.765098,Below,0,2,36,1988,53775,55.801,Below
2522,Sat,22-Feb-20,21  23  25  27  36  47  -  17,4.0984,21.434116,Above,0,3,85,5492,124731,130.311,Above
2521,Wed,19-Feb-20,7  18  21  27  28  48  -  10,2,12.7,Below,0,2,66,5352,104407,109.827,Above
2520,Sat,15-Feb-20,10  11  33  41  45  54  -  18,3.8,21,Above,1,2,63,3734,94540,98.34,Below
2519,Wed,12-Feb-20,2  3  5  27  51  54  -  6,5.051768,12.78619,Below,1,0,24,2352,66572,68.949,Below
2518,Sat,08-Feb-20,8  35  42  43  54  59  -  21,3.8,21,Above,0,0,36,2938,76117,79.091,Below
2517,Wed,05-Feb-20,20  31  39  42  43  48  -  1,2,12.7,Below,1,1,35,2278,54482,56.797,Below
2516,Sat,01-Feb-20,7  42  44  47  58  59  -  52,11.574206,26.159846,Above,0,2,76,4508,108383,112.969,Above
2515,Wed,29-Jan-20,7  23  40  42  47  59  -  58,9.013157,14.95098,Below,0,2,34,2848,71427,74.311,Below
2514,Sat,25-Jan-20,18  30  33  39  54  55  -  21,7.549456,22.537548,Above,0,0,50,3221,82553,85.824,Below
2513,Wed,22-Jan-20,19  23  25  29  30  36  -  14,5.34303,13.274914,Below,0,2,48,3744,85228,89.022,Below
2512,Sat,18-Jan-20,14  29  35  41  42  55  -  11,4.043416,20.872482,Above,0,1,50,3519,89018,92.588,Below
2511,Wed,15-Jan-20,15  25  50  52  54  55  -  28,2,12.7,Below,0,1,20,1694,38619,40.334,Below
2510,Sat,11-Jan-20,27  28  46  51  55  57  -  14,7.244823,21.822922,Above,1,2,47,2979,72190,75.219,Below
2509,Wed,08-Jan-20,2  23  42  47  50  59  -  32,5.108359,13.36424,Below,0,1,22,2010,51339,53.372,Below
2508,Sat,04-Jan-20,3  13  14  34  50  51  -  11,3.8,21,Above,0,2,49,3150,83149,86.35,Below
2507,Wed,01-Jan-20,13  20  30  38  50  55  -  5,5.374793,16.08573,Below,1,0,32,2434,62727,65.194,Below
2506,Sat,28-Dec-19,1  2  12  23  41  55  -  9,3.8,21,Above,0,1,56,4694,117239,121.99,Above
2505,Wed,25-Dec-19,5  10  11  45  54  58  -  40,15,15,Below,0,0,67,5374,133075,138.516,Above
2504,Sat,21-Dec-19,12  27  33  36  42  45  -  26,3.8,21,Above,0,2,118,6792,133613,140.525,Above
2503,Wed,18-Dec-19,13  15  36  44  50  56  -  45,2,12.7,Below,1,0,29,1877,49368,51.275,Below
2502,Sat,14-Dec-19,2  21  23  32  44  49  -  56,11.598525,25.290612,Above,0,1,112,7219,153272,160.604,Above
2501,Wed,11-Dec-19,7  14  16  33  35  47  -  25,9.122574,14.923586,Below,0,3,78,4232,92348,96.661,Below
2500,Sat,07-Dec-19,6  20  27  34  35  57  -  39,7.661555,22.753004,Above,0,0,50,4057,100119,104.226,Above
2499,Wed,04-Dec-19,9  13  21  25  28  31  -  1,5.434036,13.279642,Below,0,4,148,6584,110154,116.89,Above
2498,Sat,30-Nov-19,8  16  24  36  40  57  -  51,4.133959,21.797334,Above,0,1,89,6447,108552,115.089,Above
2497,Wed,27-Nov-19,7  16  22  39  48  55  -  50,2,12.7,Below,0,1,40,2635,64890,67.566,Below
2496,Sat,23-Nov-19,23  25  28  38  47  58  -  31,25,23,Above,0,4,92,5876,144637,150.609,Above
2495,Wed,20-Nov-19,8  17  31  47  49  52  -  12,8.602997,13.95193,Below,0,3,40,2906,69087,72.036,Below
2494,Sat,16-Nov-19,2  10  25  51  56  59  -  17,7.237103,22.045772,Above,0,0,54,3397,84163,87.614,Below
2493,Wed,13-Nov-19,1  2  7  9  44  55  -  39,5.078822,13.062534,Below,0,1,56,4314,92273,96.644,Below
2492,Sat,09-Nov-19,2  11  16  46  51  58  -  31,3.8,21,Above,0,1,58,3488,89087,92.634,Below
2491,Wed,06-Nov-19,17  22  25  27  32  35  -  5,6.317431,17.882032,Below,2,3,61,4340,102080,106.486,Above
2490,Sat,02-Nov-19,13  16  28  34  41  56  -  40,10.884211,23.239786,Above,0,1,83,3959,102687,106.73,Above
2489,Wed,30-Oct-19,2  8  19  41  51  56  -  23,8.609036,14.268346,Below,0,0,24,2385,61693,64.102,Below
2488,Sat,26-Oct-19,16  23  26  38  56  59  -  32,7.212165,21.49951,Above,0,0,52,3333,85737,89.122,Below
2487,Wed,23-Oct-19,5  29  30  39  53  58  -  19,5.107363,13.354066,Below,0,4,21,1860,50832,52.717,Below
2486,Sat,19-Oct-19,8  15  17  31  33  52  -  13,3.8,21,Above,0,1,63,4676,117408,122.148,Above
2485,Wed,16-Oct-19,4  5  18  29  40  47  -  57,13.02371,18.58718,Below,0,1,64,4990,110454,115.509,Above
2484,Sat,12-Oct-19,23  27  30  36  40  42  -  58,11.204025,23.872728,Above,0,0,80,5334,128030,133.444,Above
2483,Wed,09-Oct-19,14  22  40  44  55  58  -  12,8.866885,15.274188,Below,0,0,35,2475,61986,64.496,Below
2482,Sat,05-Oct-19,4  8  12  13  32  34  -  58,7.371542,22.540062,Above,0,0,88,7272,155978,163.338,Above
2481,Wed,02-Oct-19,13  15  20  37  42  47  -  49,5.16487,13.94147,Below,0,2,44,2879,68937,71.862,Below
2480,Sat,28-Sep-19,2  19  21  23  29  42  -  26,3.8,21,Above,0,0,131,8064,162973,171.168,Above
2479,Wed,25-Sep-19,3  4  16  39  43  52  -  47,12.907599,19.036344,Below,0,0,47,3588,90228,93.863,Below
2478,Sat,21-Sep-19,18  23  32  33  34  41  -  54,11.043941,23.81618,Above,0,1,62,5211,120207,125.481,Above
2477,Wed,18-Sep-19,1  25  28  34  39  57  -  50,8.712337,14.69047,Below,0,2,29,2203,61204,63.438,Below
2476,Sat,14-Sep-19,6  10  14  19  26  43  -  28,7.27414,22.07143,Above,0,10,176,9528,170171,179.885,Above
2475,Wed,11-Sep-19,4  9  26  35  38  53  -  30,5.113347,13.415188,Below,0,0,44,2687,67140,69.871,Below
2474,Sat,07-Sep-19,3  13  27  30  32  37  -  8,3.8,21,Above,0,3,74,6122,137174,143.373,Above
2473,Wed,04-Sep-19,11  13  32  40  45  49  -  39,12.852503,18.321584,Below,0,0,59,3945,94552,98.556,Below
2472,Sat,31-Aug-19,5  10  16  26  41  58  -  15,11.05882,23.723228,Above,0,1,54,5390,127657,133.102,Above
2471,Wed,28-Aug-19,1  40  41  49  52  57  -  43,8.736316,14.058028,Below,0,0,22,1863,47861,49.746,Below
2470,Sat,24-Aug-19,27  36  39  45  46  55  -  38,7.360035,23.124914,Above,0,2,49,3767,95955,99.773,Below
2469,Wed,21-Aug-19,11  14  26  51  53  58  -  30,5.096106,13.23908,Below,0,0,30,1897,47908,49.835,Below
2468,Sat,17-Aug-19,6  9  10  41  46  58  -  45,3.8,21,Above,0,1,53,3903,102409,106.366,Above
2467,Wed,14-Aug-19,14  16  24  28  30  53  -  23,12.675909,18.535464,Below,0,2,56,4336,98426,102.82,Above
2466,Sat,10-Aug-19,5  8  9  17  23  29  -  49,10.861287,23.01761,Above,0,3,420,16369,238272,255.064,Above
2465,Wed,07-Aug-19,7  11  36  44  52  58  -  31,8.607863,14.30004,Below,0,1,33,2983,71133,74.15,Below
2464,Sat,03-Aug-19,8  30  34  44  45  57  -  31,7.207889,21.832554,Above,0,0,33,3507,92716,96.256,Below
2463,Wed,31-Jul-19,9  18  20  42  43  46  -  30,5.070482,12.977344,Below,0,0,41,2835,69157,72.033,Below
2462,Sat,27-Jul-19,14  19  30  45  48  58  -  3,3.8,21,Above,0,0,49,3523,90624,94.196,Below
2461,Wed,24-Jul-19,2  4  17  28  37  45  -  22,5.067046,12.942248,Below,1,2,75,4294,88016,92.388,Below
2460,Sat,20-Jul-19,14  18  23  28  36  37  -  32,3.8,21,Above,0,3,83,5719,131060,136.865,Above
2459,Wed,17-Jul-19,5  8  40  41  43  45  -  23,12.500333,17.86812,Below,0,1,61,4529,94275,98.866,Below
2458,Sat,13-Jul-19,18  25  29  32  35  58  -  12,10.751044,22.868406,Above,0,0,53,3929,101309,105.291,Above
2457,Wed,10-Jul-19,4  10  11  17  53  54  -  6,8.512227,13.800786,Below,0,0,39,2708,74602,77.349,Below
2456,Sat,06-Jul-19,24  30  44  50  56  57  -  9,7.16113,21.376354,Above,0,1,38,2788,70848,73.675,Below
2455,Wed,03-Jul-19,10  20  27  29  38  52  -  57,5.068385,12.955924,Below,0,0,25,2414,63533,65.972,Below
2454,Sat,29-Jun-19,11  32  43  44  47  52  -  27,3.8,21,Above,0,2,46,3765,96897,100.71,Below
2453,Wed,26-Jun-19,5  7  9  24  32  44  -  38,12.49721,17.778712,Below,0,1,139,7608,140032,147.78,Above
2452,Sat,22-Jun-19,6  9  17  32  44  57  -  11,10.756674,22.917712,Above,0,0,85,6251,133981,140.317,Above
2451,Wed,19-Jun-19,22  26  31  39  47  55  -  35,8.51303,13.879744,Below,0,0,44,2468,59976,62.488,Below
2450,Sat,15-Jun-19,7  40  42  47  52  54  -  29,7.154203,21.45902,Above,0,1,38,3029,78829,81.897,Below
2449,Wed,12-Jun-19,6  16  34  36  37  53  -  50,5.053365,12.802502,Below,0,0,22,2101,53705,55.828,Below
2448,Sat,08-Jun-19,12  13  22  37  42  55  -  43,3.8,21,Above,0,2,62,4093,103253,107.41,Above
2447,Wed,05-Jun-19,11  20  23  32  33  56  -  25,2,12.7,Below,1,0,19,2029,57463,59.512,Below
2446,Sat,01-Jun-19,8  26  36  39  40  47  -  42,3.8,21,Above,1,0,57,4268,100909,105.235,Above
2445,Wed,29-May-19,3  15  27  32  46  53  -  57,2,12.7,Below,1,0,55,2601,59262,61.919,Below
2444,Sat,25-May-19,5  9  26  35  43  54  -  24,4.085154,21.298816,Above,1,3,69,4833,110893,115.799,Above
2443,Wed,22-May-19,7  27  31  36  37  50  -  18,2,12.7,Below,0,0,19,2093,62011,64.123,Below
2442,Sat,18-May-19,7  22  23  26  31  54  -  3,11.708252,24.716374,Above,0,0,68,6144,146795,153.007,Above
2441,Wed,15-May-19,8  11  18  39  44  50  -  23,9.288519,14.58003,Below,0,1,43,3331,80929,84.304,Below
2440,Sat,11-May-19,13  14  19  45  49  55  -  24,7.861134,22.519766,Above,0,1,58,3818,100231,104.108,Above
2439,Wed,08-May-19,16  19  31  35  45  56  -  59,5.656449,12.998856,Below,0,0,30,2169,55644,57.843,Below
2438,Sat,04-May-19,16  17  35  39  40  55  -  41,4.383861,24.34996,Above,0,1,61,3837,97939,101.838,Above
2437,Wed,01-May-19,10  12  23  29  35  57  -  9,2,12.7,Below,0,1,41,2890,70507,73.439,Below
2436,Sat,27-Apr-19,1  7  26  34  52  53  -  10,11.396192,24.843392,Above,0,2,57,4125,106172,110.356,Above
2435,Wed,24-Apr-19,22  29  35  41  43  51  -  42,8.964024,14.635934,Below,0,2,31,2439,58348,60.82,Below
2434,Sat,20-Apr-19,7  8  11  17  34  54  -  4,7.531166,21.984412,Above,0,1,65,6119,147981,154.166,Above
2433,Wed,17-Apr-19,8  23  28  42  43  51  -  52,5.378892,13.097354,Below,0,0,35,2590,66826,69.451,Below
2432,Sat,13-Apr-19,4  10  15  24  37  38  -  30,4.096661,21.416354,Above,0,2,97,6387,136726,143.212,Above
2431,Wed,10-Apr-19,20  22  36  42  48  49  -  30,2,12.7,Below,0,1,41,2477,60901,63.42,Below
2430,Sat,06-Apr-19,5  8  22  33  36  43  -  21,11.39999,24.376722,Above,1,1,103,7094,151326,158.525,Above
2429,Wed,03-Apr-19,5  9  17  26  35  52  -  44,9.013509,14.396476,Below,0,4,58,4045,90130,94.237,Below
2428,Sat,30-Mar-19,3  27  35  45  54  55  -  24,7.604094,22.604566,Above,0,0,55,3598,91847,95.5,Below
2427,Wed,27-Mar-19,13  18  25  35  39  50  -  21,5.391107,12.984638,Below,0,0,45,2137,56720,58.902,Below
2426,Sat,23-Mar-19,6  26  30  50  52  59  -  27,4.119911,21.65384,Above,0,1,53,2969,76725,79.748,Below
2425,Wed,20-Mar-19,2  19  35  53  56  58  -  12,2,12.7,Below,0,1,16,1825,43145,44.987,Below
2424,Sat,16-Mar-19,6  26  32  37  42  59  -  38,3.8,21,Above,1,1,52,3861,96085,100,Below
2423,Wed,13-Mar-19,1  11  29  40  46  48  -  17,12.984966,17.69144,Below,0,2,63,3932,92543,96.54,Below
2422,Sat,09-Mar-19,22  27  35  40  46  52  -  2,11.252974,24.274362,Above,0,0,49,3983,98131,102.163,Above
2421,Wed,06-Mar-19,2  12  15  43  46  53  -  17,8.876514,15.292574,Below,0,2,39,2944,70834,73.819,Below
2420,Sat,02-Mar-19,4  8  16  19  33  45  -  54,7.379371,22.834616,Above,0,1,180,8694,167894,176.769,Above
2419,Wed,27-Feb-19,19  20  22  31  51  54  -  16,5.143862,13.726884,Below,0,0,28,2120,54918,57.066,Below
2418,Sat,23-Feb-19,6  9  38  40  42  48  -  57,3.8,21,Above,0,2,74,5536,124563,130.175,Above
2417,Wed,20-Feb-19,3  11  17  33  41  51  -  48,18.44818,19.877252,Above,0,2,86,4817,110099,115.004,Above
2416,Sat,16-Feb-19,11  15  18  43  46  51  -  12,16.502197,25.558702,Above,0,3,67,4611,117498,122.179,Above
2415,Wed,13-Feb-19,4  8  26  31  42  45  -  55,14,16,Below,0,1,75,5187,110947,116.21,Above
2414,Sat,09-Feb-19,25  27  31  36  38  47  -  12,7.369767,23.016568,Above,0,1,76,5117,119929,125.123,Above
2413,Wed,06-Feb-19,3  16  24  41  44  53  -  15,5.116445,13.446834,Below,0,0,35,2664,65866,68.565,Below
2412,Sat,02-Feb-19,1  6  41  53  55  59  -  20,3.8,21,Above,0,5,49,3107,73656,76.817,Below
2411,Wed,30-Jan-19,7  22  31  43  47  58  -  2,12.950857,17.85576,Below,0,1,43,3767,88347,92.158,Below
2410,Sat,26-Jan-19,29  40  42  47  51  56  -  45,11.202778,24.615842,Above,0,1,51,3354,85477,88.883,Below
2409,Wed,23-Jan-19,5  27  30  41  45  58  -  38,8.792887,14.6243,Below,0,0,29,2686,68529,71.244,Below
2408,Sat,19-Jan-19,11  15  17  22  31  52  -  45,7.361168,23.017794,Above,0,2,107,6062,138500,144.671,Above
2407,Wed,16-Jan-19,1  12  44  48  54  55  -  8,5.107726,13.357774,Below,0,1,24,1982,51756,53.763,Below
2406,Sat,12-Jan-19,13  29  32  43  49  55  -  26,3.8,21,Above,0,0,37,3837,94613,98.487,Below
2405,Wed,09-Jan-19,3  17  36  42  51  57  -  18,9.370844,15.679438,Below,1,2,49,2767,67187,70.006,Below
2404,Sat,05-Jan-19,18  25  27  28  32  47  -  6,7.835827,23.838294,Above,0,3,69,5936,141724,147.732,Above
2403,Wed,02-Jan-19,8  9  10  35  40  53  -  21,5.502058,13.890368,Below,0,3,40,2742,67960,70.745,Below
2402,Sat,29-Dec-18,26  31  38  40  45  57  -  28,4.142191,21.88142,Above,0,1,45,3398,85481,88.925,Below
2401,Wed,26-Dec-18,7  14  35  45  54  58  -  1,2,12.7,Below,0,1,30,2114,56251,58.396,Below
2400,Sat,22-Dec-18,4  15  17  24  32  56  -  31,7.5,22.5,Above,2,2,89,6618,156964,163.675,Above
2399,Wed,19-Dec-18,12  24  33  34  39  56  -  38,5.341733,13.114116,Below,0,0,34,2105,56225,58.364,Below
2398,Sat,15-Dec-18,5  26  34  35  43  49  -  19,4.057861,21.02003,Above,0,1,79,4728,106843,111.651,Above
2397,Wed,12-Dec-18,3  22  31  46  51  59  -  53,2,12.7,Below,0,0,26,1716,46615,48.357,Below
2396,Sat,08-Dec-18,6  23  36  38  43  48  -  17,3.807614,22.511502,Above,2,5,85,5703,122165,127.96,Above
2395,Wed,05-Dec-18,1  6  13  23  45  56  -  41,5.411352,13.494362,Below,0,0,44,3414,77636,81.094,Below
2394,Sat,01-Dec-18,5  8  9  12  31  49  -  57,4.090254,21.35091,Above,0,0,189,11196,194358,205.743,Above
2393,Wed,28-Nov-18,36  39  45  46  48  52  -  38,2,12.7,Below,0,3,26,1780,42719,44.528,Below
2392,Sat,24-Nov-18,15  27  30  32  42  43  -  10,4.084955,21.296782,Above,1,1,64,4315,108497,112.878,Above
2391,Wed,21-Nov-18,24  31  35  42  46  53  -  9,2,12.7,Below,0,0,25,2020,49657,51.702,Below
2390,Sat,17-Nov-18,4  5  9  12  17  42  -  32,2.627216,22.433536,Above,2,3,199,12884,217620,230.708,Above
2389,Wed,14-Nov-18,4  11  20  45  48  53  -  16,1.928401,12.716286,Below,0,0,35,2474,61351,63.86,Below
2388,Sat,10-Nov-18,7  12  17  38  42  44  -  53,2.358426,22.176036,Above,4,2,176,9436,171380,180.998,Above
2387,Wed,07-Nov-18,4  5  9  40  46  59  -  58,6.645866,12.981878,Below,0,0,30,2405,65230,67.665,Below
2386,Sat,03-Nov-18,16  31  41  45  47  52  -  53,5.177188,22.099058,Above,0,1,63,3404,86770,90.238,Below
2385,Wed,31-Oct-18,5  14  20  24  28  45  -  21,1.900729,12.820042,Below,0,2,71,4714,91154,95.941,Below
2384,Sat,27-Oct-18,1  6  25  26  31  39  -  56,16.543093,23.233418,Above,1,1,137,7537,151833,159.509,Above
2383,Wed,24-Oct-18,9  22  32  40  51  59  -  17,14.098451,14.181468,Below,0,0,32,2039,51506,53.577,Below
2382,Sat,20-Oct-18,12  18  40  42  46  59  -  49,12.447858,22.647176,Above,0,2,55,3667,95861,99.585,Below
2381,Wed,17-Oct-18,1  5  6  20  51  54  -  56,9.590134,13.21823,Below,0,1,26,2450,64514,66.991,Below
2380,Sat,13-Oct-18,19  26  40  52  56  58  -  38,8.130368,21.905874,Above,0,1,43,2847,72245,75.136,Below
2379,Wed,10-Oct-18,10  49  50  53  54  56  -  4,5.382585,13.225284,Below,0,0,20,1715,40475,42.21,Below
2378,Sat,06-Oct-18,23  26  30  32  37  39  -  5,3.37713,22.252,Above,0,0,85,4256,104008,108.349,Above
2377,Wed,03-Oct-18,3  5  11  25  27  45  -  18,26.364533,20.77085,Above,0,3,195,9946,168591,178.735,Above
2376,Sat,29-Sep-18,17  36  40  44  54  58  -  27,24.284997,25.153378,Above,0,2,52,3862,97713,101.629,Below
2375,Wed,26-Sep-18,3  8  37  39  47  59  -  42,21.555697,16.025528,Below,0,0,40,2907,72116,75.063,Below
2374,Sat,22-Sep-18,5  16  18  20  25  55  -  36,20.125455,23.966954,Above,0,2,89,6773,148592,155.456,Above
2373,Wed,19-Sep-18,7  20  25  26  34  40  -  59,17.572057,14.330938,Below,0,1,47,3465,83003,86.516,Below
2372,Sat,15-Sep-18,25  42  48  50  55  58  -  44,16.447318,23.091986,Above,0,0,37,3235,76686,79.958,Below
2371,Wed,12-Sep-18,11  12  13  14  54  56  -  36,13.945461,14.092038,Below,0,0,30,2402,58304,60.736,Below
2370,Sat,08-Sep-18,7  19  33  34  52  53  -  48,12.30843,23.026866,Above,0,1,53,3528,96641,100.223,Below
2369,Wed,05-Sep-18,12  18  22  23  48  59  -  47,9.394412,13.774026,Below,0,1,31,2770,72784,75.586,Below
2368,Sat,01-Sep-18,3  21  22  38  46  55  -  50,7.852229,21.736994,Above,0,0,47,3851,99636,103.534,Above
2367,Wed,29-Aug-18,19  23  30  50  51  54  -  55,5.055854,12.603304,Below,0,2,22,1706,43088,44.818,Below
2366,Sat,25-Aug-18,9  22  33  39  41  56  -  48,3.187258,21.497414,Above,0,2,55,4096,96498,100.651,Below
2365,Wed,22-Aug-18,15  20  21  25  34  47  -  36,6.685121,13.469472,Below,1,1,40,2951,72297,75.29,Below
2364,Sat,18-Aug-18,1  2  6  12  13  55  -  11,5.188105,21.77221,Above,0,4,120,6948,149747,156.819,Above
2363,Wed,15-Aug-18,3  28  34  41  48  58  -  54,1.960095,12.925282,Below,0,0,24,2109,53732,55.865,Below
2362,Sat,11-Aug-18,1  3  10  18  19  37  -  57,13.922705,23.381598,Above,1,2,173,10451,188440,199.067,Above
2361,Wed,08-Aug-18,8  19  20  27  31  34  -  7,10.956094,14.481128,Below,0,1,73,4789,97146,102.009,Above
2360,Sat,04-Aug-18,5  17  23  25  34  51  -  52,9.309088,22.603746,Above,0,1,69,5371,130092,135.533,Above
2359,Wed,01-Aug-18,15  17  18  34  46  54  -  4,6.457803,13.222514,Below,0,1,31,2081,54955,57.068,Below
2358,Sat,28-Jul-18,11  29  31  32  38  45  -  10,4.997402,21.383168,Above,0,2,96,4678,115994,120.77,Above
2357,Wed,25-Jul-18,5  19  20  23  30  43  -  6,1.827083,12.323308,Below,0,3,80,4725,94908,99.716,Below
2356,Sat,21-Jul-18,9  13  16  25  40  46  -  52,7.748131,21.477046,Above,1,1,85,6009,132766,138.862,Above
2355,Wed,18-Jul-18,22  34  44  49  51  53  -  33,5.063895,12.849174,Below,0,0,20,1816,45676,47.512,Below
2354,Sat,14-Jul-18,4  8  13  26  41  55  -  58,3.115342,21.012356,Above,0,2,82,5422,119574,125.08,Above
2353,Wed,11-Jul-18,8  11  17  25  33  46  -  13,10.596472,13.76116,Below,1,4,119,5598,103923,109.645,Above
2352,Sat,07-Jul-18,17  18  29  48  52  54  -  1,9.05621,21.172076,Above,0,1,34,2947,81149,84.131,Below
2351,Wed,04-Jul-18,8  13  22  46  52  58  -  7,6.417197,12.729604,Below,0,0,38,1997,51517,53.552,Below
2350,Sat,30-Jun-18,6  28  32  45  46  49  -  50,4.986777,20.822904,Above,0,2,75,4621,105938,110.636,Above
2349,Wed,27-Jun-18,4  41  45  54  57  58  -  26,1.899524,12.811908,Below,0,1,29,1631,40598,42.259,Below
2348,Sat,23-Jun-18,1  10  15  25  31  47  -  53,17.196314,23.118742,Above,1,1,191,9048,166949,176.19,Above
2347,Wed,20-Jun-18,15  22  26  35  41  43  -  1,14.768674,14.350234,Below,0,2,49,3194,71922,75.167,Below
2346,Sat,16-Jun-18,10  18  36  37  41  46  -  8,13.641074,22.629966,Above,0,2,55,4496,108892,113.445,Above
2345,Wed,13-Jun-18,5  15  22  33  38  45  -  11,10.785901,13.613936,Below,0,3,98,4196,85771,90.068,Below
2344,Sat,09-Jun-18,3  17  20  55  56  58  -  57,9.267495,21.54403,Above,0,0,36,2901,76462,79.399,Below
2343,Wed,06-Jun-18,12  22  31  35  42  58  -  55,6.501413,12.639134,Below,0,0,32,2293,59055,61.38,Below
2342,Sat,02-Jun-18,4  32  38  43  51  58  -  10,5.085086,21.553198,Above,0,0,48,3000,74091,77.139,Below
2341,Wed,30-May-18,4  5  8  26  32  39  -  16,1.816584,12.252494,Below,0,2,55,3848,85559,89.464,Below
2340,Sat,26-May-18,9  14  19  29  39  40  -  3,4.603805,22.048852,Above,2,7,163,8815,138621,147.608,Above
2339,Wed,23-May-18,1  15  17  32  36  45  -  5,6.438596,12.687858,Below,0,2,40,2902,65750,68.694,Below
2338,Sat,19-May-18,1  3  34  36  48  52  -  22,5.057464,21.231076,Above,0,2,52,3482,90265,93.801,Below
2337,Wed,16-May-18,4  22  26  32  48  54  -  57,1.909658,12.592688,Below,0,0,36,2392,58056,60.484,Below
2336,Sat,12-May-18,1  15  21  30  35  44  -  5,21.044592,24.46008,Above,1,3,119,6905,145565,152.593,Above
2335,Wed,09-May-18,18  21  25  30  56  59  -  5,18.418082,14.622528,Below,0,1,32,2397,62542,64.972,Below
2334,Sat,05-May-18,2  9  14  49  52  56  -  41,17.250153,23.813012,Above,0,0,60,3997,104548,108.605,Above
2333,Wed,02-May-18,4  8  10  26  38  48  -  41,14.638953,14.578614,Below,0,1,88,5623,106977,112.689,Above
2332,Sat,28-Apr-18,3  11  37  38  43  44  -  20,13.477493,23.39321,Above,0,1,77,7042,143703,150.823,Above
2331,Wed,25-Apr-18,5  14  18  40  41  50  -  12,10.50916,13.89354,Below,0,1,35,2576,63694,66.306,Below
2330,Sat,21-Apr-18,2  8  9  12  20  57  -  38,8.949271,21.472488,Above,0,1,134,7960,156417,164.512,Above
2329,Wed,18-Apr-18,4  11  21  39  41  59  -  58,6.265709,12.358178,Below,0,1,35,2589,62739,65.364,Below
2328,Sat,14-Apr-18,10  40  42  46  47  48  -  38,4.933456,21.166412,Above,0,2,94,4195,91590,95.881,Below
2327,Wed,11-Apr-18,21  25  32  52  56  59  -  28,1.795273,12.108756,Below,0,1,15,1513,36859,38.388,Below
2326,Sat,07-Apr-18,1  4  31  33  52  55  -  13,9.561853,22.407834,Above,1,0,54,3188,86964,90.207,Below
2325,Wed,04-Apr-18,1  9  15  26  38  43  -  14,6.664434,12.95849,Below,0,0,74,3934,82365,86.373,Below
2324,Sat,31-Mar-18,6  8  20  26  35  36  -  39,5.199304,22.551814,Above,0,2,104,6114,137455,143.675,Above
2323,Wed,28-Mar-18,2  6  7  15  52  54  -  45,1.855785,12.23744,Below,0,0,30,2138,60087,62.255,Below
2322,Sat,24-Mar-18,3  11  16  36  43  59  -  49,9.339858,22.322526,Above,1,3,78,4731,115560,120.373,Above
2321,Wed,21-Mar-18,2  35  44  51  54  55  -  45,6.530267,13.286218,Below,0,1,31,1735,43038,44.805,Below
2320,Sat,17-Mar-18,7  8  13  24  45  46  -  39,5.060421,21.901482,Above,0,3,100,6748,149824,156.675,Above
2319,Wed,14-Mar-18,7  19  38  45  47  53  -  15,1.813255,12.23004,Below,0,1,31,2452,59363,61.847,Below
2318,Sat,10-Mar-18,3  7  36  42  53  59  -  50,7.988062,22.203922,Above,1,0,54,3791,97443,101.289,Below
2317,Wed,07-Mar-18,8  10  22  37  55  57  -  29,5.120878,13.067242,Below,0,3,35,2115,55465,57.618,Below
2316,Sat,03-Mar-18,15  19  20  29  42  50  -  36,3.183498,21.472054,Above,0,2,45,3756,100737,104.54,Above
2315,Wed,28-Feb-18,9  10  27  30  33  45  -  29,6.700919,12.932446,Below,1,2,67,4547,93986,98.603,Below
2314,Sat,24-Feb-18,2  11  35  40  48  55  -  7,5.283524,22.43009,Above,0,1,57,3900,98619,102.577,Above
2313,Wed,21-Feb-18,14  25  29  30  35  53  -  38,1.957996,12.91144,Below,0,0,25,2151,59830,62.006,Below
2312,Sat,17-Feb-18,5  8  9  10  38  53  -  56,18.139352,24.040068,Above,1,1,66,5990,150677,156.735,Above
2311,Wed,14-Feb-18,2  8  33  46  48  50  -  5,15.575114,14.33773,Below,0,1,41,2589,65390,68.021,Below
2310,Sat,10-Feb-18,3  12  15  29  51  58  -  13,14.449368,23.383304,Above,0,0,45,4271,112113,116.429,Above
2309,Wed,07-Feb-18,5  19  29  34  40  45  -  57,11.404833,14.02625,Below,0,1,55,3500,78776,82.332,Below
2308,Sat,03-Feb-18,8  26  27  29  49  58  -  38,9.825247,22.899264,Above,0,0,56,4259,115727,120.042,Above
2307,Wed,31-Jan-18,5  19  21  42  44  57  -  18,6.851294,13.189212,Below,0,0,43,3031,74173,77.247,Below
2306,Sat,27-Jan-18,29  33  43  45  49  56  -  16,5.351174,22.654366,Above,0,1,51,3601,90167,93.82,Below
2305,Wed,24-Jan-18,1  22  39  44  48  59  -  5,1.992347,13.137958,Below,0,0,45,2149,55079,57.273,Below
2304,Sat,20-Jan-18,2  10  19  28  29  31  -  47,8.6132,24.163538,Above,2,3,290,12736,205897,218.928,Above
2303,Wed,17-Jan-18,30  33  37  43  55  56  -  46,14.643856,14.884162,Below,0,1,27,2090,52028,54.146,Below
2302,Sat,13-Jan-18,6  7  9  18  35  46  -  5,12.937095,23.6305,Above,0,2,115,7520,168128,175.765,Above
2301,Wed,10-Jan-18,6  11  27  29  40  55  -  45,9.933511,13.823708,Below,0,0,38,3351,79985,83.374,Below
2300,Sat,06-Jan-18,18  28  31  32  44  51  -  50,8.337171,23.041204,Above,0,2,59,4316,108858,113.235,Above
2299,Wed,03-Jan-18,11  19  20  30  35  49  -  44,5.421027,13.14416,Below,0,1,46,3568,82425,86.04,Below
2298,Sat,30-Dec-17,33  37  42  47  55  58  -  34,3.472243,23.419582,Above,0,2,64,3664,86388,90.118,Below
2297,Wed,27-Dec-17,18  36  48  57  58  59  -  50,24.43052,20.899858,Above,0,1,66,4807,102060,106.934,Above
2296,Sat,23-Dec-17,20  32  36  44  47  56  -  41,22.331857,31.81582,Above,0,2,81,5577,134929,140.589,Above
2295,Wed,20-Dec-17,10  20  28  38  41  46  -  16,18.61472,14.789416,Below,0,0,42,3231,75224,78.497,Below
2294,Sat,16-Dec-17,22  25  35  45  46  57  -  14,17.371932,23.082954,Above,0,1,40,3837,95413,99.291,Below
2293,Wed,13-Dec-17,6  14  23  24  43  58  -  40,14.949598,13.552854,Below,0,2,49,2780,70609,73.44,Below
2292,Sat,09-Dec-17,2  32  37  39  46  54  -  19,13.94022,22.688596,Above,0,0,43,3420,86648,90.111,Below
2291,Wed,06-Dec-17,3  19  24  31  50  52  -  16,10.999536,13.73831,Below,0,1,34,2544,63581,66.16,Below
2290,Sat,02-Dec-17,4  9  13  32  46  50  -  52,9.462662,22.348578,Above,0,3,65,4420,110029,114.517,Above
2289,Wed,29-Nov-17,20  32  42  43  53  58  -  8,6.649202,13.21176,Below,0,0,28,1619,41221,42.868,Below
2288,Sat,25-Nov-17,4  7  29  45  54  56  -  8,5.145663,22.193216,Above,0,1,51,3535,97251,100.838,Below
2287,Wed,22-Nov-17,2  16  17  27  36  37  -  42,1.855244,12.513248,Below,0,1,52,3645,81625,85.323,Below
2286,Sat,18-Nov-17,1  20  24  36  54  58  -  11,18.188218,23.835694,Above,1,2,54,3552,89183,92.792,Below
2285,Wed,15-Nov-17,2  11  22  36  51  59  -  7,15.654281,14.527818,Below,0,0,36,2519,64106,66.661,Below
2284,Sat,11-Nov-17,4  16  27  30  41  49  -  54,14.450835,23.485464,Above,0,0,458,6767,145507,152.732,Above
2283,Wed,08-Nov-17,2  17  25  32  42  49  -  4,11.389307,14.005308,Below,0,2,101,4449,86106,90.658,Below
2282,Sat,04-Nov-17,6  20  23  29  35  53  -  57,9.812847,23.236428,Above,0,3,72,4724,112980,117.779,Above
2281,Wed,01-Nov-17,13  14  18  19  21  36  -  53,6.867823,13.626376,Below,0,0,54,4276,92125,96.455,Below
2280,Sat,28-Oct-17,8  15  33  42  55  58  -  53,5.301408,22.727158,Above,0,2,46,3778,94132,97.958,Below
2279,Wed,25-Oct-17,1  3  11  37  49  58  -  21,1.931824,13.029764,Below,0,1,32,2777,73350,76.16,Below
2278,Sat,21-Oct-17,3  31  37  41  44  59  -  32,3.500729,23.080172,Above,1,0,41,3837,99047,102.926,Above
2277,Wed,18-Oct-17,11  12  15  22  27  44  -  7,24.995407,22.406956,Above,0,5,134,7773,150162,158.074,Above
2276,Sat,14-Oct-17,6  22  40  43  47  58  -  42,22.673298,25.618364,Above,0,1,52,4290,108268,112.611,Above
2275,Wed,11-Oct-17,17  38  49  54  55  56  -  13,19.875058,15.953466,Below,0,1,30,2295,55568,57.894,Below
2274,Sat,07-Oct-17,15  20  30  37  47  51  -  21,18.509759,25.117294,Above,0,2,53,4023,104238,108.316,Above
2273,Wed,04-Oct-17,12  20  32  38  48  54  -  5,15.785809,15.115562,Below,0,1,35,2586,63689,66.311,Below
2272,Sat,30-Sep-17,13  18  21  30  50  54  -  20,14.54474,23.657878,Above,0,0,61,4142,102498,106.701,Above
2271,Wed,27-Sep-17,30  35  45  47  52  55  -  40,11.455122,14.162306,Below,0,0,20,2044,48013,50.077,Below
2270,Sat,23-Sep-17,17  18  26  39  54  56  -  57,9.807442,23.09078,Above,0,4,41,3233,86726,90.004,Below
2269,Wed,20-Sep-17,8  20  25  50  51  58  -  45,6.88384,13.544292,Below,0,0,23,1765,45284,47.072,Below
2268,Sat,16-Sep-17,1  6  31  37  49  50  -  38,5.329846,22.70837,Above,0,0,52,3891,102947,106.89,Above
2267,Wed,13-Sep-17,4  11  14  21  29  56  -  27,1.88616,12.72177,Below,0,3,76,4612,90660,95.351,Below
2266,Sat,09-Sep-17,4  7  13  49  56  58  -  6,16.976182,23.71534,Above,1,1,41,4056,111637,115.736,Above
2265,Wed,06-Sep-17,16  30  34  50  52  53  -  46,14.460089,14.499668,Below,0,1,24,1858,45467,47.35,Below
2264,Sat,02-Sep-17,30  33  35  40  41  59  -  8,12.810334,22.992648,Above,0,1,43,3303,82973,86.32,Below
2263,Wed,30-Aug-17,34  42  46  57  58  59  -  38,9.901377,13.538048,Below,0,0,23,1705,41579,43.307,Below
2262,Sat,26-Aug-17,20  25  34  41  42  52  -  58,8.348251,22.92118,Above,0,0,44,3222,84763,88.029,Below
2261,Wed,23-Aug-17,8  16  21  41  44  56  -  45,5.372825,13.135822,Below,0,0,44,2687,64828,67.559,Below
2260,Sat,19-Aug-17,12  25  39  46  52  55  -  3,3.38031,22.290474,Above,0,0,49,3426,82410,85.885,Below
2259,Wed,16-Aug-17,7  17  28  43  44  45  -  54,1.903798,12.554046,Below,1,0,73,4195,87078,91.347,Below
2258,Sat,12-Aug-17,10  27  49  52  55  56  -  17,14.402436,23.631382,Above,1,3,45,3219,81477,84.745,Below
2257,Wed,09-Aug-17,5  9  25  34  51  59  -  44,11.39881,13.846502,Below,0,0,22,2238,60108,62.368,Below
2256,Sat,05-Aug-17,14  24  30  45  49  56  -  27,9.799014,23.168976,Above,0,1,52,3692,99361,103.106,Above
2255,Wed,02-Aug-17,4  6  24  35  45  52  -  8,6.863927,13.169288,Below,0,1,24,2307,61479,63.811,Below
2254,Sat,29-Jul-17,1  26  41  55  56  59  -  36,5.411439,22.700122,Above,0,0,54,2820,70396,73.27,Below
2253,Wed,26-Jul-17,5  10  29  35  55  56  -  30,1.967928,12.976932,Below,0,0,22,1970,54535,56.527,Below
2252,Sat,22-Jul-17,5  13  21  35  41  47  -  23,12.791049,23.1691,Above,1,4,135,6890,137239,144.269,Above
2251,Wed,19-Jul-17,2  6  14  16  25  36  -  42,9.855934,13.73664,Below,0,0,103,5605,106490,112.198,Above
2250,Sat,15-Jul-17,7  8  14  47  56  58  -  23,8.270807,23.081,Above,0,1,36,3538,99712,103.287,Above
2249,Wed,12-Jul-17,7  14  19  38  40  45  -  18,5.348763,13.4661,Below,0,2,78,4005,84817,88.902,Below
2248,Sat,08-Jul-17,1  11  18  27  32  50  -  25,3.352302,22.105788,Above,0,0,67,5159,125612,130.838,Above
2247,Wed,05-Jul-17,16  18  25  27  29  57  -  4,6.981548,13.487036,Below,1,3,39,3251,74565,77.859,Below
2246,Sat,01-Jul-17,2  19  36  52  54  59  -  6,5.481888,23.04929,Above,0,0,63,3178,77096,80.337,Below
2245,Wed,28-Jun-17,2  10  21  23  54  56  -  44,1.98637,13.098542,Below,0,0,25,2372,61987,64.384,Below
2244,Sat,24-Jun-17,4  16  26  39  42  54  -  24,21.387231,24.867038,Above,1,3,83,5206,122110,127.403,Above
2243,Wed,21-Jun-17,1  3  5  11  15  43  -  48,18.700435,15.122,Below,0,0,197,8988,140113,149.298,Above
2242,Sat,17-Jun-17,1  11  16  20  24  44  -  42,17.407211,23.809736,Above,0,5,170,9321,181045,190.541,Above
2241,Wed,14-Jun-17,2  4  14  23  34  46  -  45,14.877043,14.49603,Below,0,0,78,4552,95504,100.134,Below
2240,Sat,10-Jun-17,10  18  28  35  36  50  -  2,13.178747,23.866324,Above,0,2,65,4415,112815,117.297,Above
2239,Wed,07-Jun-17,6  8  12  36  37  41  -  50,10.140252,14.137848,Below,0,0,47,3931,87820,91.798,Below
2238,Sat,03-Jun-17,12  19  21  38  47  51  -  48,8.496269,23.190178,Above,0,2,56,4729,114255,119.042,Above
2237,Wed,31-May-17,18  23  28  52  56  59  -  36,5.558072,13.605908,Below,0,0,21,1843,47260,49.124,Below
2236,Sat,27-May-17,20  22  31  39  41  54  -  33,3.494644,23.044424,Above,0,0,54,3381,87371,90.806,Below
2235,Wed,24-May-17,3  30  44  45  55  59  -  37,25.442066,22.968312,Above,0,2,45,3973,99299,103.319,Above
2234,Sat,20-May-17,7  8  13  29  43  53  -  16,23.03673,26.453728,Above,0,1,88,6391,155489,161.969,Above
2233,Wed,17-May-17,3  19  20  24  30  38  -  41,20.114637,15.922002,Below,0,2,87,5473,110403,115.965,Above
2232,Sat,13-May-17,7  14  15  21  23  57  -  52,18.754003,25.033346,Above,0,1,100,7410,175247,182.758,Above
2231,Wed,10-May-17,7  12  17  35  37  58  -  25,16.042516,14.821926,Below,0,0,40,3178,83077,86.295,Below
2230,Sat,06-May-17,5  34  36  38  39  48  -  30,14.794798,24.352374,Above,0,1,63,4665,111197,115.926,Above
2229,Wed,03-May-17,13  22  24  34  41  57  -  40,11.684226,14.43715,Below,0,0,34,2398,61311,63.743,Below
2228,Sat,29-Apr-17,24  29  30  36  46  48  -  7,9.994885,23.929056,Above,0,1,67,4703,116360,121.131,Above
2227,Wed,26-Apr-17,12  15  30  43  47  59  -  41,6.947106,13.604306,Below,0,1,37,2258,59033,61.329,Below
2226,Sat,22-Apr-17,4  6  34  37  42  52  -  24,5.4301,22.938956,Above,0,0,52,3913,101492,105.457,Above
2225,Wed,19-Apr-17,4  27  47  54  55  59  -  45,1.951446,13.16211,Below,0,1,19,1725,43917,45.662,Below
2224,Sat,15-Apr-17,8  10  16  19  23  31  -  48,3.421655,23.078374,Above,1,6,326,13590,212809,226.732,Above
2223,Wed,12-Apr-17,3  16  34  42  49  52  -  50,15.107556,14.496302,Below,1,0,31,2633,64041,66.706,Below
2222,Sat,08-Apr-17,14  23  36  45  47  50  -  21,13.409218,23.985282,Above,0,3,57,4214,103309,107.583,Above
2221,Wed,05-Apr-17,10  16  18  32  42  45  -  30,10.353081,14.538058,Below,0,0,46,3624,82381,86.051,Below
2220,Sat,01-Apr-17,1  2  11  23  25  54  -  14,8.647634,23.94569,Above,0,3,97,7032,158882,166.014,Above
2219,Wed,29-Mar-17,5  6  16  32  42  51  -  39,5.597315,13.386668,Below,0,0,26,2747,66452,69.225,Below
2218,Sat,25-Mar-17,39  48  52  53  54  58  -  28,3.566205,23.516308,Above,0,0,36,3025,69007,72.068,Below
2217,Wed,22-Mar-17,6  11  12  19  27  31  -  42,0.663276,13.42099,Below,3,6,244,9314,139989,149.556,Above
2216,Sat,18-Mar-17,3  8  19  26  37  41  -  43,19.132964,25.028796,Above,1,6,178,8785,172630,181.6,Above
2215,Wed,15-Mar-17,6  24  27  38  39  58  -  55,16.422135,14.936586,Below,0,1,30,2730,68633,71.394,Below
2214,Sat,11-Mar-17,6  15  23  29  55  57  -  46,15.207601,24.868568,Above,0,1,57,4638,115854,120.55,Above
2213,Wed,08-Mar-17,11  19  22  42  43  49  -  48,12.020527,14.508298,Below,0,1,49,3900,89568,93.518,Below
2212,Sat,04-Mar-17,24  38  39  40  49  56  -  21,10.369492,24.753416,Above,0,1,55,3669,92547,96.272,Below
2211,Wed,01-Mar-17,2  7  21  22  47  53  -  42,7.199492,14.224374,Below,0,1,50,3688,86952,90.691,Below
2210,Sat,25-Feb-17,18  24  34  38  41  49  -  26,5.590553,24.120002,Above,0,2,74,5264,115258,120.598,Above
2209,Wed,22-Feb-17,1  16  28  31  38  54  -  5,2.014488,13.283802,Below,0,0,20,2415,63226,65.661,Below
2208,Sat,18-Feb-17,11  13  21  37  49  59  -  4,15.3429,25.121764,Above,1,3,65,4963,123368,128.4,Above
2207,Wed,15-Feb-17,17  23  28  38  47  56  -  31,12.11823,14.784932,Below,0,0,45,3175,73083,76.303,Below
2206,Sat,11-Feb-17,15  18  23  42  43  52  -  28,10.376181,24.342474,Above,0,3,58,4351,114509,118.921,Above
2205,Wed,08-Feb-17,7  23  41  44  49  54  -  37,7.267133,14.228786,Below,0,0,40,2780,70049,72.869,Below
2204,Sat,04-Feb-17,6  9  27  30  40  50  -  22,5.61004,24.084044,Above,0,1,107,6015,140113,146.236,Above
2203,Wed,01-Feb-17,6  8  15  31  45  58  -  39,2.03929,13.45109,Below,0,0,48,2963,70644,73.655,Below
2202,Sat,28-Jan-17,5  21  23  34  43  45  -  20,4.369877,24.302116,Above,2,0,90,6385,141210,147.687,Above
2201,Wed,25-Jan-17,4  9  20  23  37  53  -  39,5.552469,13.56093,Below,0,0,37,3013,74103,77.153,Below
2200,Sat,21-Jan-17,4  13  37  40  52  58  -  51,3.495493,23.576398,Above,0,2,40,3401,85858,89.301,Below
2199,Wed,18-Jan-17,8  14  20  27  28  53  -  45,6.103436,14.70619,Below,2,1,64,4001,88893,92.961,Below
2198,Sat,14-Jan-17,14  19  21  36  53  54  -  33,10.526484,24.62208,Above,0,0,64,3804,97078,100.946,Below
2197,Wed,11-Jan-17,21  26  29  35  46  59  -  10,7.291956,14.178908,Below,0,1,28,2067,55628,57.724,Below
2196,Sat,07-Jan-17,8  16  33  36  45  51  -  38,5.689783,24.1803,Above,0,0,76,4690,109793,114.559,Above
2195,Wed,04-Jan-17,10  29  37  42  48  49  -  32,2.024754,13.656506,Below,0,1,36,2849,69032,71.918,Below
2194,Sat,31-Dec-16,10  17  35  41  51  54  -  25,26.293902,34.554072,Above,0,1,89,5757,140568,146.415,Above
2193,Wed,28-Dec-16,5  40  47  48  52  54  -  33,22.170849,15.858136,Below,0,0,20,2144,53817,55.981,Below
2192,Sat,24-Dec-16,16  19  29  46  54  58  -  12,20.765992,34.233772,Above,0,0,54,5593,140795,146.442,Above
2191,Wed,21-Dec-16,10  13  22  35  42  52  -  27,16.574503,15.4247,Below,0,1,52,3187,74721,77.961,Below
2190,Sat,17-Dec-16,2  11  18  32  40  54  -  8,15.2876,25.274272,Above,0,3,65,5156,126616,131.84,Above
2189,Wed,14-Dec-16,3  7  8  9  40  58  -  36,12.040376,14.816708,Below,0,1,51,4157,98640,102.849,Above
2188,Sat,10-Dec-16,11  26  31  32  33  46  -  20,10.343595,24.47115,Above,0,2,73,5351,129073,134.499,Above
2187,Wed,07-Dec-16,16  27  31  32  44  58  -  42,7.215444,14.455016,Below,0,1,30,2728,67517,70.276,Below
2186,Sat,03-Dec-16,3  8  9  19  21  54  -  31,5.572309,23.77965,Above,0,4,127,9027,182791,191.949,Above
2185,Wed,30-Nov-16,10  20  25  39  45  55  -  22,2.04659,13.495264,Below,0,0,34,2274,60962,63.27,Below
2184,Sat,26-Nov-16,1  2  28  40  48  49  -  17,10.394608,24.838762,Above,1,4,100,6714,134970,141.789,Above
2183,Wed,23-Nov-16,2  4  8  25  38  39  -  29,7.211954,14.490702,Below,0,2,61,4629,101894,106.586,Above
2182,Sat,19-Nov-16,5  7  8  16  28  37  -  40,5.563528,23.989648,Above,0,5,193,11203,211377,222.778,Above
2181,Wed,16-Nov-16,7  12  33  47  50  51  -  40,2.006766,13.535234,Below,0,1,29,2133,56039,58.202,Below
2180,Sat,12-Nov-16,3  11  16  31  44  55  -  8,5.672414,24.259924,Above,1,2,96,6852,152318,159.269,Above
2179,Wed,09-Nov-16,12  13  30  34  39  52  -  38,2.075555,13.682198,Below,0,0,27,2027,55481,57.535,Below
2178,Sat,05-Nov-16,8  12  16  26  45  49  -  27,1.807674,24.384794,Above,2,4,138,7981,165631,173.756,Above
2177,Wed,02-Nov-16,5  14  19  24  31  38  -  29,10.816275,15.11539,Below,1,1,126,5938,111475,117.541,Above
2176,Sat,29-Oct-16,7  8  16  24  29  58  -  42,9.075232,25.154284,Above,0,4,101,7362,165314,172.781,Above
2175,Wed,26-Oct-16,5  11  27  29  52  53  -  13,5.84584,14.518994,Below,0,0,40,2891,75506,78.437,Below
2174,Sat,22-Oct-16,9  19  26  27  45  50  -  23,3.64472,24.582902,Above,0,2,74,5842,143763,149.681,Above
2173,Wed,19-Oct-16,2  3  4  32  54  59  -  12,26.19638,20.029072,Above,1,1,45,3144,83384,86.575,Below
2172,Sat,15-Oct-16,14  16  25  42  46  51  -  53,24.226822,28.130718,Above,0,3,59,4666,124297,129.025,Above
2171,Wed,12-Oct-16,2  22  29  30  36  58  -  53,21.056054,17.364,Below,0,0,52,3270,85439,88.761,Below
2170,Sat,08-Oct-16,11  17  20  32  40  42  -  27,19.422626,27.581122,Above,0,1,101,7166,159098,166.366,Above
2169,Wed,05-Oct-16,11  16  25  37  43  44  -  39,16.333383,15.77469,Below,0,2,69,4732,99105,103.908,Above
2168,Sat,01-Oct-16,4  5  18  28  43  58  -  55,14.49459,26.22638,Above,0,3,71,5742,147532,153.348,Above
2167,Wed,28-Sep-16,19  29  37  41  51  53  -  55,11.106204,15.299198,Below,0,0,34,2249,54171,56.454,Below
2166,Sat,24-Sep-16,11  24  34  43  44  47  -  42,9.286909,25.752094,Above,0,1,77,6555,146617,153.25,Above
2165,Wed,21-Sep-16,20  21  28  33  49  56  -  43,5.968842,14.780056,Below,0,1,30,2389,62435,64.855,Below
2164,Sat,17-Sep-16,10  14  25  29  52  54  -  37,3.777516,25.478708,Above,0,1,56,4213,111253,115.523,Above
2163,Wed,14-Sep-16,16  23  35  42  44  58  -  28,24.440625,19.319668,Above,0,3,51,3930,92377,96.361,Below
2162,Sat,10-Sep-16,6  17  37  46  47  51  -  2,22.576245,28.687902,Above,0,4,65,4969,128014,133.052,Above
2161,Wed,07-Sep-16,3  10  12  29  30  44  -  11,19.322908,17.241128,Below,0,3,197,9185,149967,159.352,Above
2160,Sat,03-Sep-16,2  6  17  28  38  55  -  37,17.766697,27.643884,Above,0,2,88,6898,161556,168.544,Above
2159,Wed,31-Aug-16,15  16  26  45  47  49  -  50,14.168137,16.425274,Below,0,0,52,3423,83432,86.907,Below
2158,Sat,27-Aug-16,5  10  22  23  34  54  -  8,12.177452,33.355668,Above,0,0,100,7436,185955,193.491,Above
2157,Wed,24-Aug-16,4  10  15  37  38  59  -  1,7.622407,14.665406,Below,0,0,35,2701,68242,70.978,Below
2156,Sat,20-Aug-16,8  18  26  35  41  52  -  17,5.898564,25.183138,Above,0,0,99,4975,118274,123.348,Above
2155,Wed,17-Aug-16,4  15  27  36  37  59  -  55,2.079852,14.028184,Below,0,1,36,2529,63733,66.299,Below
2154,Sat,13-Aug-16,12  20  31  39  43  46  -  38,16.109419,26.408204,Above,1,1,67,5655,129818,135.542,Above
2153,Wed,10-Aug-16,11  17  35  36  40  59  -  39,12.694073,15.507064,Below,0,0,39,2575,67494,70.108,Below
2152,Sat,06-Aug-16,34  39  42  47  53  54  -  8,10.842259,26.01536,Above,0,2,50,3564,87619,91.235,Below
2151,Wed,03-Aug-16,16  17  22  38  41  55  -  5,7.48516,14.928248,Below,0,1,33,2537,65070,67.641,Below
2150,Sat,30-Jul-16,14  26  28  41  51  57  -  48,5.771863,25.063636,Above,0,1,42,3606,93171,96.82,Below
2149,Wed,27-Jul-16,9  24  26  38  40  46  -  30,2.055847,13.556016,Below,0,0,51,3085,72752,75.888,Below
2148,Sat,23-Jul-16,19  20  30  37  54  59  -  25,5.750115,24.664094,Above,1,1,45,3206,85631,88.884,Below
2147,Wed,20-Jul-16,18  29  30  37  46  59  -  23,2.093346,13.803882,Below,0,0,22,1972,53467,55.461,Below
2146,Sat,16-Jul-16,10  14  17  32  36  50  -  41,11.216708,25.6456,Above,1,0,67,4645,120165,124.878,Above
2145,Wed,13-Jul-16,1  22  30  34  57  58  -  51,7.827959,15.251994,Below,0,0,24,1955,54418,56.397,Below
2144,Sat,09-Jul-16,1  3  22  29  36  42  -  12,6.015662,25.746072,Above,0,3,126,7935,168973,177.037,Above
2143,Wed,06-Jul-16,1  3  20  24  38  39  -  4,2.198488,14.82836,Below,0,1,38,3689,86012,89.74,Below
2142,Sat,02-Jul-16,3  9  16  19  24  43  -  13,14.671343,26.801918,Above,1,7,225,12861,223601,236.695,Above
2141,Wed,29-Jun-16,10  19  21  45  46  56  -  2,11.197784,15.607458,Below,0,0,38,2818,71720,74.576,Below
2140,Sat,25-Jun-16,13  14  18  22  24  56  -  16,9.331785,25.66865,Above,0,1,73,5896,140647,146.617,Above
2139,Wed,22-Jun-16,11  25  36  39  40  57  -  37,6.0261,14.99865,Below,0,0,30,2576,64053,66.659,Below
2138,Sat,18-Jun-16,10  17  26  31  35  38  -  47,3.752365,25.308946,Above,0,1,84,6874,154390,161.349,Above
2137,Wed,15-Jun-16,2  14  19  20  29  38  -  27,21.05438,16.384136,Below,1,1,74,5749,111100,116.925,Above
2136,Sat,11-Jun-16,4  17  30  38  47  55  -  3,19.625229,26.699516,Above,0,1,65,5093,128422,133.581,Above
2135,Wed,08-Jun-16,28  33  43  49  55  58  -  21,16.666695,15.572954,Below,0,1,28,2190,54800,57.019,Below
2134,Sat,04-Jun-16,7  32  34  48  55  58  -  30,14.857812,26.850098,Above,0,2,53,3923,99514,103.492,Above
2133,Wed,01-Jun-16,23  27  36  39  41  49  -  6,11.376953,15.409406,Below,0,1,39,3274,77039,80.353,Below
2132,Sat,28-May-16,8  10  36  40  52  57  -  59,9.592318,26.78766,Above,0,2,56,4079,102884,107.021,Above
2131,Wed,25-May-16,6  20  33  44  45  55  -  16,6.120716,15.397128,Below,0,1,36,2785,69079,71.901,Below
2130,Sat,21-May-16,6  7  19  28  30  52  -  46,3.837901,25.88587,Above,0,1,134,8422,181024,189.581,Above
2129,Wed,18-May-16,1  3  28  34  37  46  -  59,6.162138,15.436472,Below,1,2,52,3833,81726,85.614,Below
2128,Sat,14-May-16,9  12  23  24  32  51  -  16,3.87349,26.12591,Above,0,3,75,6426,153064,159.568,Above
2127,Wed,11-May-16,13  22  23  33  49  54  -  53,6.315123,15.72186,Below,1,0,42,3643,80589,84.275,Below
2126,Sat,07-May-16,4  14  17  27  34  36  -  28,3.930932,26.513344,Above,0,1,162,8981,183722,192.866,Above
2125,Wed,04-May-16,1  2  3  4  20  21  -  22,11.749355,15.91385,Below,1,14,187,9657,134881,144.74,Above
2124,Sat,30-Apr-16,1  2  5  38  53  56  -  31,9.88993,27.447034,Above,0,1,50,3828,111233,115.112,Above
2123,Wed,27-Apr-16,12  24  29  34  39  57  -  28,6.320566,15.50647,Below,0,0,42,2590,68182,70.814,Below
2122,Sat,23-Apr-16,2  14  26  35  44  59  -  24,3.96904,26.770376,Above,0,2,86,5864,134549,140.501,Above
2121,Wed,20-Apr-16,1  7  9  10  12  31  -  28,0.729026,14.751402,Below,3,7,336,12460,167741,180.547,Above
2120,Sat,16-Apr-16,2  5  14  42  51  55  -  54,10.317199,27.519968,Above,1,2,68,4339,117561,121.971,Above
2119,Wed,13-Apr-16,13  15  17  19  35  57  -  21,6.737023,15.585918,Below,0,1,44,3127,77193,80.365,Below
2118,Sat,09-Apr-16,20  22  25  34  47  51  -  18,4.426238,29.189724,Above,0,0,61,4725,120020,124.806,Above
2117,Wed,06-Apr-16,15  17  31  41  50  57  -  5,35.133888,18.801284,Below,1,0,35,2769,70801,73.606,Below
2116,Sat,02-Apr-16,7  14  20  33  47  55  -  15,33.282708,29.725352,Above,0,2,92,6933,155539,162.566,Above
2115,Wed,30-Mar-16,5  13  24  31  40  41  -  7,29.875556,17.57785,Below,0,2,92,4980,105294,110.368,Above
2114,Sat,26-Mar-16,5  12  43  51  53  57  -  28,28.269422,29.55759,Above,0,2,65,4208,105647,109.922,Above
2113,Wed,23-Mar-16,7  14  21  35  41  42  -  43,24.887143,17.74968,Below,0,6,582,7879,114232,126.199,Above
2112,Sat,19-Mar-16,21  27  31  34  40  54  -  22,23.255533,29.26173,Above,0,1,55,4604,119593,124.253,Above
2111,Wed,16-Mar-16,13  14  31  42  44  58  -  1,19.917119,17.47311,Below,0,1,36,3090,81630,84.757,Below
2110,Sat,12-Mar-16,13  21  30  39  51  56  -  1,18.326514,29.58027,Above,0,1,61,4240,111868,116.17,Above
2109,Wed,09-Mar-16,26  31  35  37  40  49  -  36,14.440873,17.56956,Below,0,2,38,3174,76095,79.309,Below
2108,Sat,05-Mar-16,11  19  29  37  40  41  -  47,12.335968,29.01018,Above,0,4,116,7589,163469,171.178,Above
2107,Wed,02-Mar-16,4  15  21  26  39  58  -  20,8.53485,16.339912,Below,0,1,49,3237,80607,83.894,Below
2106,Sat,27-Feb-16,11  14  22  37  53  56  -  55,6.612256,29.24851,Above,0,3,53,4537,119853,124.446,Above
2105,Wed,24-Feb-16,4  14  18  19  26  27  -  25,2.275802,15.349828,Below,0,5,196,7901,136168,144.27,Above
2104,Sat,20-Feb-16,2  17  35  41  57  59  -  42,6.726199,28.592014,Above,1,0,60,4149,105890,110.1,Above
2103,Wed,17-Feb-16,5  15  33  47  51  59  -  7,2.388928,15.755366,Below,0,0,37,2374,60627,63.038,Below
2102,Sat,13-Feb-16,15  16  23  39  48  59  -  36,32.534188,32.755704,Above,1,1,65,5808,144759,150.634,Above
2101,Wed,10-Feb-16,2  13  25  32  37  39  -  48,28.677758,19.342962,Above,0,0,78,4766,104777,109.621,Above
2100,Sat,06-Feb-16,10  12  18  34  52  56  -  50,26.744925,32.805514,Above,0,1,85,5425,138613,144.124,Above
2099,Wed,03-Feb-16,23  25  34  36  37  54  -  49,22.881101,20.096472,Above,0,2,54,3333,82815,86.204,Below
2098,Sat,30-Jan-16,1  6  21  31  41  44  -  42,20.90155,32.680728,Above,0,3,239,11091,199925,211.258,Above
2097,Wed,27-Jan-16,8  38  41  42  50  58  -  24,16.556227,19.057108,Below,0,1,40,2685,68829,71.555,Below
2096,Sat,23-Jan-16,8  9  10  11  41  54  -  24,14.230775,31.773906,Above,0,2,89,7058,178511,185.66,Above
2095,Wed,20-Jan-16,18  36  37  38  54  57  -  14,10.0199,18.206982,Below,0,1,44,2725,65206,67.976,Below
2094,Sat,16-Jan-16,1  8  12  25  43  52  -  38,7.82046,33.298046,Above,0,0,84,8532,193215,201.831,Above
2093,Wed,13-Jan-16,4  12  38  46  57  59  -  8,2.773612,18.707454,Below,0,1,44,2892,72242,75.179,Below
